Date,Open,High,Low,Close,Adj Close,Volume
1/4/10,21.68,21.68,20.030001,20.040001,20.040001,0
1/5/10,20.049999,20.129999,19.34,19.35,19.35,0
1/6/10,19.59,19.68,18.77,19.16,19.16,0
1/7/10,19.68,19.709999,18.700001,19.059999,19.059999,0
1/8/10,19.27,19.27,18.110001,18.129999,18.129999,0
1/11/10,16.93,17.74,16.860001,17.549999,17.549999,0
1/12/10,17.950001,19.459999,17.950001,18.25,18.25,0
1/13/10,17.940001,18.719999,17.559999,17.85,17.85,0
1/14/10,18.16,18.27,17.379999,17.629999,17.629999,0
1/15/10,17.629999,19.02,17.629999,17.91,17.91,0
1/19/10,18.629999,18.85,17.33,17.58,17.58,0
1/20/10,18.51,19.690001,18.440001,18.68,18.68,0
1/21/10,18.59,22.299999,18.27,22.27,22.27,0
1/22/10,22.27,28.01,22.27,27.309999,27.309999,0
1/25/10,27.32,27.32,24.610001,25.41,25.41,0
1/26/10,26.030001,26.219999,22.77,24.549999,24.549999,0
1/27/10,24.809999,25.690001,23.139999,23.139999,23.139999,0
1/28/10,22.790001,25.299999,22.690001,23.73,23.73,0
1/29/10,23.73,25.030001,22.110001,24.620001,24.620001,0
2/1/10,24.33,24.33,22.58,22.59,22.59,0
2/2/10,22.59,22.99,21.08,21.48,21.48,0
2/3/10,22.110001,22.110001,21.33,21.6,21.6,0
2/4/10,22.629999,26.32,22.629999,26.08,26.08,0
2/5/10,25.690001,29.219999,25.370001,26.110001,26.110001,0
2/8/10,26.110001,27.110001,25.48,26.51,26.51,0
2/9/10,26.51,26.559999,24.780001,26,26,0
2/10/10,26.360001,26.77,24.799999,25.4,25.4,0
2/11/10,25.82,26.110001,23.870001,23.959999,23.959999,0
2/12/10,23.959999,25.540001,22.73,22.73,22.73,0
2/16/10,23.51,23.57,22.129999,22.25,22.25,0
2/17/10,22.25,22.6,21.700001,21.719999,21.719999,0
2/18/10,21.719999,22.209999,20.6,20.629999,20.629999,0
2/19/10,21.07,21.139999,19.709999,20.02,20.02,0
2/22/10,20.16,21,19.59,19.940001,19.940001,0
2/23/10,20.389999,21.940001,20.059999,21.370001,21.370001,0
2/24/10,21.23,21.58,20.219999,20.27,20.27,0
2/25/10,22.030001,22.68,20.059999,20.1,20.1,0
2/26/10,19.879999,20.530001,19.32,19.5,19.5,0
3/1/10,19.93,19.940001,19.18,19.26,19.26,0
3/2/10,18.83,19.360001,18.6,19.059999,19.059999,0
3/3/10,18.950001,19.299999,18.42,18.83,18.83,0
3/4/10,18.860001,19.27,18.58,18.719999,18.719999,0
3/5/10,18.059999,18.15,17.23,17.42,17.42,0
3/8/10,17.950001,17.959999,17.559999,17.790001,17.790001,0
3/9/10,18.18,18.190001,17.51,17.92,17.92,0
3/10/10,18,18.6,17.43,18.57,18.57,0
3/11/10,18.9,19.34,18.059999,18.059999,18.059999,0
3/12/10,17.969999,18.530001,17.58,17.58,17.58,0
3/15/10,18.280001,18.780001,17.959999,18,18,0
3/16/10,17.780001,18.01,17.42,17.690001,17.690001,0
3/17/10,16.969999,17.17,16.52,16.91,16.91,0
3/18/10,16.959999,16.99,16.309999,16.620001,16.620001,0
3/19/10,16.17,17.57,16.17,16.969999,16.969999,0
3/22/10,18.299999,18.34,16.77,16.870001,16.870001,0
3/23/10,16.84,17.09,16.209999,16.35,16.35,0
3/24/10,16.85,17.92,16.83,17.549999,17.549999,0
3/25/10,17.07,18.540001,16.620001,18.4,18.4,0
3/26/10,18.27,18.690001,17.35,17.77,17.77,0
3/29/10,18.17,18.280001,17.57,17.59,17.59,0
3/30/10,17.639999,18.08,17.129999,17.129999,17.129999,0
3/31/10,17.66,17.92,17.290001,17.59,17.59,0
4/1/10,17.01,18.09,16.790001,17.469999,17.469999,0
4/5/10,17.959999,18.16,17.02,17.02,17.02,0
4/6/10,17.389999,17.540001,16.08,16.23,16.23,0
4/7/10,16.719999,17.209999,16.16,16.620001,16.620001,0
4/8/10,17.209999,17.799999,16.299999,16.48,16.48,0
4/9/10,16.32,16.65,16.059999,16.139999,16.139999,0
4/12/10,15.67,16,15.23,15.58,15.58,0
4/13/10,15.98,16.77,15.81,16.200001,16.200001,0
4/14/10,15.8,16.379999,15.55,15.59,15.59,0
4/15/10,15.87,16.5,15.68,15.89,15.89,0
4/16/10,16.190001,19.700001,16.110001,18.360001,18.360001,0
4/19/10,19.139999,19.549999,17.34,17.34,17.34,0
4/20/10,16.84,16.889999,15.73,15.73,15.73,0
4/21/10,15.94,16.85,15.5,16.32,16.32,0
4/22/10,17.48,18.190001,16.200001,16.469999,16.469999,0
4/23/10,16.620001,16.709999,16.120001,16.620001,16.620001,0
4/26/10,17.52,17.530001,17.07,17.469999,17.469999,0
4/27/10,18.129999,23.200001,17.940001,22.809999,22.809999,0
4/28/10,22.08,23.030001,20.860001,21.08,21.08,0
4/29/10,20.370001,20.370001,18.440001,18.440001,18.440001,0
4/30/10,18.75,22.389999,18.41,22.049999,22.049999,0
5/3/10,22.41,22.41,19.610001,20.190001,20.190001,0
5/4/10,22.459999,25.700001,22.459999,23.84,23.84,0
5/5/10,25.959999,27.23,23.75,24.91,24.91,0
5/6/10,25.879999,40.709999,24.43,32.799999,32.799999,0
5/7/10,32.759998,42.150002,31.709999,40.950001,40.950001,0
5/10/10,28.65,30.889999,25.68,28.84,28.84,0
5/11/10,31.040001,31.040001,25.860001,28.32,28.32,0
5/12/10,26.559999,26.67,24.98,25.52,25.52,0
5/13/10,26.17,26.85,24.299999,26.68,26.68,0
5/14/10,28.4,33.240002,28.4,31.24,31.24,0
5/17/10,31.33,35.25,30.76,30.84,30.84,0
5/18/10,28.67,34.169998,28.09,33.549999,33.549999,0
5/19/10,34.650002,38.419998,33.07,35.32,35.32,0
5/20/10,41.790001,46.369999,40.299999,45.790001,45.790001,0
5/21/10,47.66,48.200001,38.950001,40.099998,40.099998,0
5/24/10,41.740002,41.740002,35.57,38.32,38.32,0
5/25/10,43.150002,43.740002,34.59,34.610001,34.610001,0
5/26/10,32.540001,35.02,24.1,35.02,35.02,0
5/27/10,30.24,31.030001,29.540001,29.68,29.68,0
5/28/10,30.23,33.299999,29.530001,32.07,32.07,0
6/1/10,34.869999,35.68,31.82,35.540001,35.540001,0
6/2/10,34.389999,34.57,29.940001,30.17,30.17,0
6/3/10,29.65,31.200001,29.120001,29.459999,29.459999,0
6/4/10,32.93,36.119999,31.809999,35.48,35.48,0
6/7/10,35.66,36.799999,34.43,36.57,36.57,0
6/8/10,36.529999,37.380001,33.360001,33.700001,33.700001,0
6/9/10,32.330002,34.119999,30.23,33.73,33.73,0
6/10/10,31,31.77,29.690001,30.57,30.57,0
6/11/10,31.790001,31.790001,28.6,28.790001,28.790001,0
6/14/10,27.940001,28.719999,26.98,28.58,28.58,0
6/15/10,27.68,27.84,25.68,25.870001,25.870001,0
6/16/10,26.719999,26.719999,25.34,25.92,25.92,0
6/17/10,25.59,26.639999,25.049999,25.049999,25.049999,0
6/18/10,24.870001,24.879999,23.299999,23.950001,23.950001,0
6/21/10,22.9,25.639999,22.870001,24.879999,24.879999,0
6/22/10,25.139999,27.049999,24.41,27.049999,27.049999,0
6/23/10,26.93,28.549999,26.540001,26.91,26.91,0
6/24/10,27.610001,30.27,27.530001,29.74,29.74,0
6/25/10,29.639999,30.41,28.07,28.530001,28.530001,0
6/28/10,29.200001,29.9,28.469999,29,29,0
6/29/10,31.219999,35.389999,31.219999,34.130001,34.130001,0
6/30/10,33.950001,34.630001,31.74,34.540001,34.540001,0
7/1/10,34.41,37.580002,32.720001,32.860001,32.860001,0
7/2/10,31.709999,31.879999,29.35,30.120001,30.120001,0
7/6/10,28.82,31.15,27.959999,29.65,29.65,0
7/7/10,29.559999,29.559999,26.84,26.84,26.84,0
7/8/10,26.5,27.42,25.709999,25.709999,25.709999,0
7/9/10,25.35,25.67,24.370001,24.98,24.98,0
7/12/10,24.66,25.139999,23.530001,24.43,24.43,0
7/13/10,23.290001,24.57,23.120001,24.559999,24.559999,0
7/14/10,24.610001,25.799999,24.18,24.889999,24.889999,0
7/15/10,25.08,27.24,24.74,25.139999,25.139999,0
7/16/10,25.77,28.16,25.709999,26.25,26.25,0
7/19/10,27.02,27.299999,25.120001,25.969999,25.969999,0
7/20/10,27.35,27.4,23.790001,23.93,23.93,0
7/21/10,23.610001,26.629999,23.59,25.639999,25.639999,0
7/22/10,24.370001,24.85,23.719999,24.629999,24.629999,0
7/23/10,24.790001,25.17,23.32,23.469999,23.469999,0
7/26/10,24.370001,24.610001,22.700001,22.73,22.73,0
7/27/10,21.889999,23.57,21.860001,23.190001,23.190001,0
7/28/10,23.93,24.540001,22.24,24.25,24.25,0
7/29/10,23.4,25.540001,23.040001,24.129999,24.129999,0
7/30/10,25.469999,27.32,23.35,23.5,23.5,0
8/2/10,23.07,23.24,21.74,22.01,22.01,0
8/3/10,22.440001,23.059999,21.98,22.629999,22.629999,0
8/4/10,22.690001,23.690001,22.16,22.209999,22.209999,0
8/5/10,23.040001,23.129999,22.07,22.1,22.1,0
8/6/10,23.34,23.889999,21.719999,21.74,21.74,0
8/9/10,21.85,22.870001,21.360001,22.139999,22.139999,0
8/10/10,23.299999,24.24,22.17,22.370001,22.370001,0
8/11/10,24.959999,26.1,24.959999,25.389999,25.389999,0
8/12/10,27.209999,27.209999,25.18,25.73,25.73,0
8/13/10,26.08,26.26,25.450001,26.24,26.24,0
8/16/10,27.41,28.1,25.379999,26.1,26.1,0
8/17/10,24.719999,24.889999,23.709999,24.33,24.33,0
8/18/10,24.299999,25.23,23.4,24.59,24.59,0
8/19/10,24.48,26.780001,24.26,26.440001,26.440001,0
8/20/10,26.73,27,25.49,25.49,25.49,0
8/23/10,25.969999,25.969999,24.620001,25.66,25.66,0
8/24/10,27.91,28.77,26.32,27.459999,27.459999,0
8/25/10,28.299999,28.92,26.459999,26.700001,26.700001,0
8/26/10,26.450001,27.549999,25.860001,27.370001,27.370001,0
8/27/10,26.5,28.110001,24.41,24.450001,24.450001,0
8/30/10,25.879999,27.209999,25.41,27.209999,27.209999,0
8/31/10,27.58,27.83,25.93,26.049999,26.049999,0
9/1/10,25.129999,25.129999,23.860001,23.889999,23.889999,0
9/2/10,24.23,24.309999,23.15,23.190001,23.190001,0
9/3/10,21.99,22.780001,21.24,21.309999,21.309999,0
9/7/10,22.77,23.940001,22.77,23.799999,23.799999,0
9/8/10,23.51,23.559999,22.92,23.25,23.25,0
9/9/10,22.219999,23.24,22.139999,22.809999,22.809999,0
9/10/10,22.639999,22.870001,21.76,21.99,21.99,0
9/13/10,21.059999,22.049999,20.93,21.209999,21.209999,0
9/14/10,21.690001,21.969999,20.85,21.559999,21.559999,0
9/15/10,22.549999,22.799999,22.1,22.1,22.1,0
9/16/10,22.65,22.83,21.709999,21.719999,21.719999,0
9/17/10,21.65,22.559999,21.629999,22.01,22.01,0
9/20/10,22.469999,22.58,21.25,21.5,21.5,0
9/21/10,21.540001,22.59,21.42,22.35,22.35,0
9/22/10,22.559999,23.190001,21.91,22.51,22.51,0
9/23/10,23.91,24.059999,22.559999,23.870001,23.870001,0
9/24/10,22.610001,22.610001,21.709999,21.709999,21.709999,0
9/27/10,22.58,22.75,21.969999,22.540001,22.540001,0
9/28/10,22.92,24.280001,22.4,22.6,22.6,0
9/29/10,23.139999,23.450001,22.719999,23.25,23.25,0
9/30/10,22.85,24.52,22.389999,23.700001,23.700001,0
10/1/10,22.9,23.67,22.459999,22.5,22.5,0
10/4/10,23.629999,24.34,23.299999,23.530001,23.530001,0
10/5/10,22.52,23.08,21.709999,21.76,21.76,0
10/6/10,21.82,22.129999,21.459999,21.49,21.49,0
10/7/10,21.309999,22.16,21.280001,21.559999,21.559999,0
10/8/10,21.58,21.639999,20.290001,20.709999,20.709999,0
10/11/10,19.33,19.51,18.799999,18.959999,18.959999,0
10/12/10,20,20.1,18.549999,18.93,18.93,0
10/13/10,17.92,19.16,17.9,19.07,19.07,0
10/14/10,19.59,21.02,19.4,19.879999,19.879999,0
10/15/10,20.200001,21.59,19.02,19.030001,19.030001,0
10/18/10,20.43,20.709999,18.879999,19.09,19.09,0
10/19/10,20.700001,21.35,19.33,20.629999,20.629999,0
10/20/10,21.200001,21.200001,19.67,19.790001,19.790001,0
10/21/10,19.700001,20.530001,18.93,19.27,19.27,0
10/22/10,19.360001,19.360001,18.76,18.780001,18.780001,0
10/25/10,19.219999,19.879999,18.860001,19.85,19.85,0
10/26/10,20.52,21.01,20.219999,20.219999,20.219999,0
10/27/10,21.110001,22.370001,20.690001,20.709999,20.709999,0
10/28/10,20.280001,21.41,20.18,20.879999,20.879999,0
10/29/10,21.200001,21.4,20.860001,21.200001,21.200001,0
11/1/10,21.65,22.540001,20.92,21.83,21.83,0
11/2/10,21.34,21.82,21.219999,21.57,21.57,0
11/3/10,21.66,22.02,19.540001,19.559999,19.559999,0
11/4/10,18.030001,18.799999,17.969999,18.52,18.52,0
11/5/10,18.07,18.440001,17.92,18.26,18.26,0
11/8/10,19.33,19.35,18.209999,18.290001,18.290001,0
11/9/10,18.51,19.389999,17.83,19.08,19.08,0
11/10/10,18.940001,19.959999,18.41,18.469999,18.469999,0
11/11/10,19.440001,19.75,18.48,18.639999,18.639999,0
11/12/10,19.59,21.23,19.290001,20.610001,20.610001,0
11/15/10,20.33,20.370001,19.139999,20.200001,20.200001,0
11/16/10,21.26,23.07,20.950001,22.58,22.58,0
11/17/10,22.190001,22.209999,21.219999,21.76,21.76,0
11/18/10,20.309999,20.309999,18.75,18.75,18.75,0
11/19/10,19.15,19.719999,17.76,18.040001,18.040001,0
11/22/10,19.450001,20.139999,18.35,18.370001,18.370001,0
11/23/10,20.25,21.450001,20.24,20.629999,20.629999,0
11/24/10,19.42,19.610001,18.73,19.559999,19.559999,0
11/26/10,21.17,22.219999,20.280001,22.219999,22.219999,0
11/29/10,23.15,23.84,21.379999,21.530001,21.530001,0
11/30/10,23.27,23.790001,22.42,23.540001,23.540001,0
12/1/10,21.190001,21.43,20.4,21.360001,21.360001,0
12/2/10,21.129999,21.129999,19.1,19.389999,19.389999,0
12/3/10,19.26,19.280001,17.709999,18.01,18.01,0
12/6/10,18.799999,18.85,17.950001,18.02,18.02,0
12/7/10,17.129999,18.15,17.129999,17.99,17.99,0
12/8/10,17.969999,18.32,17.690001,17.74,17.74,0
12/9/10,17.32,17.84,17.24,17.25,17.25,0
12/10/10,17.059999,17.629999,17.059999,17.610001,17.610001,0
12/13/10,16.82,17.67,16.68,17.549999,17.549999,0
12/14/10,17.6,17.950001,17.219999,17.610001,17.610001,0
12/15/10,17.99,18.139999,17.370001,17.940001,17.940001,0
12/16/10,18.030001,18.27,16.879999,17.389999,17.389999,0
12/17/10,17.620001,17.639999,15.46,16.110001,16.110001,0
12/20/10,16.219999,16.860001,15.78,16.41,16.41,0
12/21/10,16.200001,16.620001,16.08,16.49,16.49,0
12/22/10,16.52,16.559999,15.45,15.45,15.45,0
12/23/10,15.44,16.860001,15.4,16.469999,16.469999,0
12/27/10,18.26,18.32,17.66,17.67,17.67,0
12/28/10,17.299999,17.99,17.299999,17.52,17.52,0
12/29/10,17.49,17.49,17.02,17.280001,17.280001,0
12/30/10,17.65,17.889999,17.459999,17.52,17.52,0
12/31/10,17.91,18.129999,17.75,17.75,17.75,0
1/3/11,17.940001,17.950001,16.91,17.610001,17.610001,0
1/4/11,17.34,18.24,17.33,17.379999,17.379999,0
1/5/11,17.809999,17.950001,16.860001,17.02,17.02,0
1/6/11,16.799999,17.559999,16.790001,17.4,17.4,0
1/7/11,17.309999,18.07,16.57,17.139999,17.139999,0
1/10/11,18.35,18.629999,17.540001,17.540001,17.540001,0
1/11/11,16.610001,17.35,16.6,16.889999,16.889999,0
1/12/11,16.26,16.5,16.17,16.24,16.24,0
1/13/11,16.51,16.780001,16.139999,16.389999,16.389999,0
1/14/11,16.67,16.709999,15.37,15.46,15.46,0
1/18/11,16.190001,16.200001,15.71,15.87,15.87,0
1/19/11,15.89,17.67,15.86,17.309999,17.309999,0
1/20/11,17.809999,18.85,17.65,17.99,17.99,0
1/21/11,17.030001,18.610001,16.6,18.469999,18.469999,0
1/24/11,18.780001,18.93,17.559999,17.65,17.65,0
1/25/11,18.219999,18.549999,17.59,17.59,17.59,0
1/26/11,17,17.42,16.59,16.639999,16.639999,0
1/27/11,16.84,16.889999,15.81,16.15,16.15,0
1/28/11,15.94,20.08,15.92,20.040001,20.040001,0
1/31/11,19.610001,19.959999,17.1,19.530001,19.530001,0
2/1/11,18.59,18.629999,17.4,17.629999,17.629999,0
2/2/11,17.82,17.84,17.280001,17.299999,17.299999,0
2/3/11,17.530001,17.799999,16.610001,16.690001,16.690001,0
2/4/11,16.639999,16.74,15.89,15.93,15.93,0
2/7/11,16.139999,16.540001,15.84,16.280001,16.280001,0
2/8/11,16.290001,16.6,14.86,15.81,15.81,0
2/9/11,16.27,16.52,15.86,15.87,15.87,0
2/10/11,16.74,17.07,16,16.09,16.09,0
2/11/11,16.530001,16.530001,15.55,15.69,15.69,0
2/14/11,16.07,16.26,15.22,15.95,15.95,0
2/15/11,16.299999,16.75,16.27,16.370001,16.370001,0
2/16/11,16.309999,16.74,15.84,16.719999,16.719999,0
2/17/11,17.01,17.299999,15.88,16.59,16.59,0
2/18/11,16.59,16.91,15.54,16.43,16.43,0
2/22/11,19.459999,21.450001,18.379999,20.799999,20.799999,0
2/23/11,20.84,23.219999,20.299999,22.129999,22.129999,0
2/24/11,22.280001,22.709999,20.809999,21.32,21.32,0
2/25/11,20.41,20.440001,18.879999,19.219999,19.219999,0
2/28/11,19.120001,19.27,18.139999,18.35,18.35,0
3/1/11,17.629999,21.01,17.629999,21.01,21.01,0
3/2/11,20.73,21.139999,19.620001,20.700001,20.700001,0
3/3/11,19.27,19.27,18.25,18.6,18.6,0
3/4/11,18.559999,20.33,18.309999,19.059999,19.059999,0
3/7/11,19.370001,21.77,18.950001,20.66,20.66,0
3/8/11,20.58,21.059999,19.15,19.82,19.82,0
3/9/11,20.049999,20.959999,19.41,20.219999,20.219999,0
3/10/11,21.370001,22.25,20.34,21.879999,21.879999,0
3/11/11,21.719999,21.75,19.969999,20.08,20.08,0
3/14/11,21.790001,22.74,20.92,21.129999,21.129999,0
3/15/11,25.66,25.719999,23.309999,24.32,24.32,0
3/16/11,24.65,31.280001,24.040001,29.4,29.4,0
3/17/11,26.940001,27.540001,25.440001,26.370001,26.370001,0
3/18/11,23.9,24.85,23.09,24.440001,24.440001,0
3/21/11,22.1,22.16,20.219999,20.610001,20.610001,0
3/22/11,20.530001,20.59,19.969999,20.209999,20.209999,0
3/23/11,20.59,21.049999,18.190001,19.17,19.17,0
3/24/11,18.450001,18.99,17.870001,18,18,0
3/25/11,17.870001,18.08,17.07,17.91,17.91,0
3/28/11,18.309999,19.440001,17.959999,19.440001,19.440001,0
3/29/11,19.17,19.780001,18,18.16,18.16,0
3/30/11,17.82,17.889999,17.25,17.709999,17.709999,0
3/31/11,17.9,17.950001,17.41,17.74,17.74,0
4/1/11,16.68,17.620001,16.440001,17.4,17.4,0
4/4/11,17.629999,17.85,17.389999,17.5,17.5,0
4/5/11,17.870001,17.870001,16.5,17.25,17.25,0
4/6/11,16.75,17.15,16.5,16.9,16.9,0
4/7/11,16.92,17.77,16.49,17.110001,17.110001,0
4/8/11,16.51,18.33,16.51,17.870001,17.870001,0
4/11/11,16.74,17.049999,16.219999,16.59,16.59,0
4/12/11,17.58,18.459999,16.879999,17.09,17.09,0
4/13/11,16.33,17.379999,16.200001,16.92,16.92,0
4/14/11,17.77,18.08,16.08,16.27,16.27,0
4/15/11,15.97,15.98,14.92,15.32,15.32,0
4/18/11,18.299999,19.07,16.809999,16.959999,16.959999,0
4/19/11,16.620001,16.719999,15.69,15.83,15.83,0
4/20/11,14.31,15.39,14.3,15.07,15.07,0
4/21/11,14.71,15.23,14.4,14.69,14.69,0
4/25/11,15.64,16.059999,15.5,15.77,15.77,0
4/26/11,15.36,15.66,15.07,15.62,15.62,0
4/27/11,15.37,16.42,15.13,15.35,15.35,0
4/28/11,15.54,15.54,14.27,14.62,14.62,0
4/29/11,14.56,14.99,14.49,14.75,14.75,0
5/2/11,15.07,16.129999,15.07,15.99,15.99,0
5/3/11,16.35,17.290001,16.129999,16.700001,16.700001,0
5/4/11,16.84,17.719999,16.83,17.08,17.08,0
5/5/11,17.68,19.110001,16.74,18.200001,18.200001,0
5/6/11,17.17,19.290001,16.120001,18.4,18.4,0
5/9/11,18.59,18.59,17.040001,17.16,17.16,0
5/10/11,16.84,16.9,15.79,15.91,15.91,0
5/11/11,16.27,17.49,16.23,16.950001,16.950001,0
5/12/11,17.27,17.889999,16.030001,16.030001,16.030001,0
5/13/11,16.02,17.559999,15.98,17.07,17.07,0
5/16/11,17.860001,18.25,16.610001,18.24,18.24,0
5/17/11,18.540001,19.09,17.469999,17.549999,17.549999,0
5/18/11,17.559999,17.68,16.030001,16.23,16.23,0
5/19/11,15.9,16.559999,15.5,15.52,15.52,0
5/20/11,15.88,17.43,15.7,17.43,17.43,0
5/23/11,20.030001,20.030001,17.469999,18.27,18.27,0
5/24/11,18.07,18.190001,17,17.82,17.82,0
5/25/11,18.26,18.26,16.700001,17.07,17.07,0
5/26/11,17.17,17.459999,15.9,16.09,16.09,0
5/27/11,16.110001,16.27,15.36,15.98,15.98,0
5/31/11,15.85,16.5,15.15,15.45,15.45,0
6/1/11,15.95,18.48,15.95,18.299999,18.299999,0
6/2/11,17.92,18.719999,17.389999,18.09,18.09,0
6/3/11,18.23,19.870001,17.120001,17.950001,17.950001,0
6/6/11,18.42,18.65,17.65,18.49,18.49,0
6/7/11,18.129999,18.48,17.389999,18.07,18.07,0
6/8/11,18.15,18.83,17.719999,18.790001,18.790001,0
6/9/11,18.200001,18.309999,17.26,17.77,17.77,0
6/10/11,17.93,19.16,17.93,18.860001,18.860001,0
6/13/11,19.1,20.02,18.41,19.610001,19.610001,0
6/14/11,18.559999,18.559999,17.799999,18.26,18.26,0
6/15/11,19.309999,21.66,19.030001,21.32,21.32,0
6/16/11,21.370001,24.65,20.809999,22.73,22.73,0
6/17/11,21.559999,22.389999,20.35,21.85,21.85,0
6/20/11,22.99,23.08,19.99,19.99,19.99,0
6/21/11,19.459999,19.459999,17.719999,18.860001,18.860001,0
6/22/11,18.860001,18.9,17.719999,18.52,18.52,0
6/23/11,20.23,21.5,19.219999,19.290001,19.290001,0
6/24/11,19.200001,21.280001,19.1,21.1,21.1,0
6/27/11,21.6,21.82,20.27,20.559999,20.559999,0
6/28/11,20.299999,20.450001,19.17,19.17,19.17,0
6/29/11,18.620001,18.83,16.32,17.27,17.27,0
6/30/11,16.67,16.77,15.88,16.52,16.52,0
7/1/11,16.059999,16.290001,15.12,15.87,15.87,0
7/5/11,16.32,16.5,15.89,16.059999,16.059999,0
7/6/11,16.459999,17.08,16.32,16.34,16.34,0
7/7/11,15.3,16.129999,15.3,15.95,15.95,0
7/8/11,17.139999,17.139999,15.95,15.95,15.95,0
7/11/11,17.440001,19.059999,17.16,18.389999,18.389999,0
7/12/11,19.549999,20.129999,18.25,19.870001,19.870001,0
7/13/11,19.08,20.16,18.09,19.91,19.91,0
7/14/11,20.08,21.58,19.35,20.799999,20.799999,0
7/15/11,20.25,21.68,19.52,19.530001,19.530001,0
7/18/11,21.25,21.93,20.9,20.950001,20.950001,0
7/19/11,20.139999,20.43,19.120001,19.209999,19.209999,0
7/20/11,18.809999,19.65,18.610001,19.09,19.09,0
7/21/11,18.610001,18.629999,17.15,17.559999,17.559999,0
7/22/11,17.219999,17.950001,17.139999,17.52,17.52,0
7/25/11,19.26,19.5,18.73,19.35,19.35,0
7/26/11,19.75,20.5,19.559999,20.23,20.23,0
7/27/11,20.870001,23.200001,20.870001,22.98,22.98,0
7/28/11,22.83,23.99,21.200001,23.74,23.74,0
7/29/11,25.280001,25.940001,23.65,25.25,25.25,0
8/1/11,22.629999,25.629999,22.459999,23.66,23.66,0
8/2/11,24.219999,24.790001,22.65,24.790001,24.790001,0
8/3/11,23.58,25.23,22.76,23.379999,23.379999,0
8/4/11,24.57,32.07,24.309999,31.66,31.66,0
8/5/11,28.48,39.25,27.540001,32,32,0
8/8/11,36.900002,48,35.290001,48,48,0
8/9/11,42.119999,47.560001,34.279999,35.060001,35.060001,0
8/10/11,39.330002,44.41,37.34,42.990002,42.990002,0
8/11/11,41.939999,42.880001,37.5,39,39,0
8/12/11,37.080002,37.849998,34.009998,36.360001,36.360001,0
8/15/11,34.73,34.830002,31.469999,31.870001,31.870001,0
8/16/11,33.360001,34.490002,31.68,32.849998,32.849998,0
8/17/11,32.09,33.32,30.809999,31.58,31.58,0
8/18/11,36.77,45.279999,36.689999,42.669998,42.669998,0
8/19/11,45.34,45.400002,39.990002,43.049999,43.049999,0
8/22/11,38.799999,43.580002,38.779999,42.439999,42.439999,0
8/23/11,41.889999,42.540001,35.830002,36.27,36.27,0
8/24/11,37.119999,37.380001,34.549999,35.900002,35.900002,0
8/25/11,34.43,40.139999,34.049999,39.759998,39.759998,0
8/26/11,41.18,43.84,34.330002,35.59,35.59,0
8/29/11,33.810001,33.810001,32.209999,32.279999,32.279999,0
8/30/11,32.970001,33.549999,31.549999,32.889999,32.889999,0
8/31/11,31.200001,32.529999,30.16,31.620001,31.620001,0
9/1/11,31.91,32.380001,30.76,31.82,31.82,0
9/2/11,34.290001,34.740002,32.700001,33.919998,33.919998,0
9/6/11,39.84,39.860001,37,37,37,0
9/7/11,34.240002,34.700001,33.380001,33.380001,33.380001,0
9/8/11,34.41,34.709999,32.790001,34.32,34.32,0
9/9/11,35.529999,40.740002,35.529999,38.52,38.52,0
9/12/11,42.560001,43.18,38.580002,38.59,38.59,0
9/13/11,38.68,39.43,36.689999,36.91,36.91,0
9/14/11,36.59,37.759998,33.400002,34.599998,34.599998,0
9/15/11,33.43,33.98,31.75,31.969999,31.969999,0
9/16/11,31.809999,32.48,30.43,30.98,30.98,0
9/19/11,34.799999,35.330002,32.349998,32.73,32.73,0
9/20/11,32.419998,33.139999,31.450001,32.860001,32.860001,0
9/21/11,33,37.32,32.450001,37.32,37.32,0
9/22/11,41,43.869999,39.330002,41.349998,41.349998,0
9/23/11,42.169998,42.82,40.419998,41.25,41.25,0
9/26/11,40.990002,43.34,39.02,39.02,39.02,0
9/27/11,36.59,38.57,35.32,37.709999,37.709999,0
9/28/11,37.700001,41.240002,36.650002,41.080002,41.080002,0
9/29/11,38.619999,42,38.029999,38.84,38.84,0
9/30/11,40.93,42.990002,39.880001,42.959999,42.959999,0
10/3/11,44.25,45.549999,41.509998,45.450001,45.450001,0
10/4/11,46.18,46.880001,40.02,40.82,40.82,0
10/5/11,40.73,41.200001,37.509998,37.810001,37.810001,0
10/6/11,38.240002,38.740002,36.150002,36.27,36.27,0
10/7/11,35.669998,37.82,35.189999,36.200001,36.200001,0
10/10/11,35.450001,35.450001,32.959999,33.02,33.02,0
10/11/11,33.950001,34.240002,32.619999,32.860001,32.860001,0
10/12/11,31.57,31.93,29.790001,31.26,31.26,0
10/13/11,31.99,32.759998,30.48,30.700001,30.700001,0
10/14/11,29.07,29.959999,28.08,28.24,28.24,0
10/17/11,30.35,33.389999,30.120001,33.389999,33.389999,0
10/18/11,33.369999,34.709999,29.690001,31.559999,31.559999,0
10/19/11,32.919998,35.470001,31.91,34.439999,34.439999,0
10/20/11,34.439999,36.869999,34.16,34.779999,34.779999,0
10/21/11,32.759998,32.98,31.32,31.32,31.32,0
10/24/11,31.67,31.700001,28.84,29.26,29.26,0
10/25/11,30.68,32.459999,30.32,32.220001,32.220001,0
10/26/11,30.440001,33.299999,29.629999,29.860001,29.860001,0
10/27/11,24.719999,26.459999,24.700001,25.459999,25.459999,0
10/28/11,26.02,26.02,24.440001,24.530001,24.530001,0
10/31/11,27.09,29.969999,27.01,29.959999,29.959999,0
11/1/11,36.029999,37.529999,33.869999,34.77,34.77,0
11/2/11,33.529999,34.27,32.549999,32.740002,32.740002,0
11/3/11,31.379999,34.650002,30.209999,30.5,30.5,0
11/4/11,31.459999,32.560001,30.139999,30.16,30.16,0
11/7/11,31.4,32.150002,29.85,29.85,29.85,0
11/8/11,29.34,30.49,27.469999,27.48,27.48,0
11/9/11,31.32,36.43,30.98,36.16,36.16,0
11/10/11,33.09,35.5,32.119999,32.810001,32.810001,0
11/11/11,29.91,30.42,29.450001,30.040001,30.040001,0
11/14/11,31.42,32.849998,31.129999,31.129999,31.129999,0
11/15/11,31.74,32.549999,30.4,31.219999,31.219999,0
11/16/11,32.66,33.509998,30.540001,33.509998,33.509998,0
11/17/11,33.150002,36.459999,32.889999,34.509998,34.509998,0
11/18/11,33.16,33.990002,31.92,32,32,0
11/21/11,34.59,35.290001,32.529999,32.91,32.91,0
11/22/11,33.119999,33.389999,31.280001,31.969999,31.969999,0
11/23/11,32.91,34.57,32.68,33.98,33.98,0
11/25/11,34.610001,34.77,33.119999,34.470001,34.470001,0
11/28/11,31.93,33.110001,29.469999,32.130001,32.130001,0
11/29/11,31.76,32.02,30.559999,30.639999,30.639999,0
11/30/11,27.719999,28.5,27.030001,27.799999,27.799999,0
12/1/11,27.629999,27.889999,26.639999,27.41,27.41,0
12/2/11,26.26,27.620001,25.290001,27.52,27.52,0
12/5/11,26.74,28.309999,26,27.84,27.84,0
12/6/11,27.91,28.129999,27.41,28.129999,28.129999,0
12/7/11,28.610001,29.58,28.440001,28.67,28.67,0
12/8/11,29.629999,30.91,29.02,30.59,30.59,0
12/9/11,29.610001,29.610001,26.290001,26.379999,26.379999,0
12/12/11,26.780001,27.73,25.639999,25.67,25.67,0
12/13/11,24.719999,26.280001,23.27,25.41,25.41,0
12/14/11,26.16,27.549999,25.76,26.040001,26.040001,0
12/15/11,24.379999,25.280001,23.879999,25.110001,25.110001,0
12/16/11,24.16,25.02,23.51,24.290001,24.290001,0
12/19/11,25.139999,25.379999,24.379999,24.92,24.92,0
12/20/11,23.559999,23.58,22.540001,23.219999,23.219999,0
12/21/11,22.52,23.940001,21.120001,21.43,21.43,0
12/22/11,21.08,21.33,20.34,21.16,21.16,0
12/23/11,21.1,21.209999,20.719999,20.73,20.73,0
12/27/11,22.58,22.66,21.68,21.91,21.91,0
12/28/11,22.120001,23.559999,22.110001,23.52,23.52,0
12/29/11,23.52,23.52,22.65,22.65,22.65,0
12/30/11,22.860001,23.459999,22.65,23.4,23.4,0
1/3/12,22.950001,23.1,22.540001,22.969999,22.969999,0
1/4/12,23.440001,23.73,22.219999,22.219999,22.219999,0
1/5/12,22.75,23.09,21.34,21.48,21.48,0
1/6/12,21.24,21.719999,20.58,20.629999,20.629999,0
1/9/12,21.67,21.780001,21,21.07,21.07,0
1/10/12,20.139999,20.690001,20.049999,20.690001,20.690001,0
1/11/12,21.18,21.219999,20.98,21.049999,21.049999,0
1/12/12,21.01,22.030001,20.459999,20.469999,20.469999,0
1/13/12,21.41,22.43,20.91,20.91,20.91,0
1/17/12,20.9,22.25,20.690001,22.200001,22.200001,0
1/18/12,23.200001,23.440001,20.780001,20.889999,20.889999,0
1/19/12,20.49,20.870001,19.450001,19.870001,19.870001,0
1/20/12,19.91,19.940001,18.16,18.280001,18.280001,0
1/23/12,19.219999,19.309999,18.549999,18.67,18.67,0
1/24/12,19.76,20,18.629999,18.91,18.91,0
1/25/12,19.35,19.549999,17.15,18.309999,18.309999,0
1/26/12,17.959999,19.17,16.799999,18.57,18.57,0
1/27/12,19.16,19.16,18.26,18.530001,18.530001,0
1/30/12,20.33,20.33,19.379999,19.4,19.4,0
1/31/12,19.07,19.84,18.129999,19.440001,19.440001,0
2/1/12,18.68,18.82,17.99,18.549999,18.549999,0
2/2/12,18.379999,18.5,17.98,17.98,17.98,0
2/3/12,16.84,17.32,16.1,17.1,17.1,0
2/6/12,17.98,18.02,16.110001,17.76,17.76,0
2/7/12,17.93,18.1,17.5,17.65,17.65,0
2/8/12,17.790001,18.459999,17.530001,18.16,18.16,0
2/9/12,18.120001,18.719999,18.07,18.629999,18.629999,0
2/10/12,20.1,21.98,19.02,20.790001,20.790001,0
2/13/12,19.639999,19.68,17.92,19.040001,19.040001,0
2/14/12,19.450001,20.76,18.950001,19.540001,19.540001,0
2/15/12,19.74,21.77,19.440001,21.139999,21.139999,0
2/16/12,21.59,21.76,19.219999,19.219999,19.219999,0
2/17/12,18.73,18.790001,17.540001,17.780001,17.780001,0
2/21/12,18.41,18.940001,17.65,18.190001,18.190001,0
2/22/12,18.85,18.940001,17.74,18.190001,18.190001,0
2/23/12,18.73,18.969999,16.639999,16.799999,16.799999,0
2/24/12,16.68,17.620001,16.42,17.309999,17.309999,0
2/27/12,19.1,19.25,17.58,18.190001,18.190001,0
2/28/12,18.67,18.67,17.879999,17.959999,17.959999,0
2/29/12,17.799999,18.75,17.530001,18.43,18.43,0
3/1/12,18.02,18.030001,17.26,17.26,17.26,0
3/2/12,17.65,17.65,17.139999,17.290001,17.290001,0
3/5/12,18.27,18.9,18.02,18.049999,18.049999,0
3/6/12,20.57,21.24,20.299999,20.870001,20.870001,0
3/7/12,20.43,20.440001,19.07,19.07,19.07,0
3/8/12,18.08,18.459999,17.76,17.950001,17.950001,0
3/9/12,17.16,17.540001,16.629999,17.110001,17.110001,0
3/12/12,15.79,16.67,15.23,15.64,15.64,0
3/13/12,14,16.08,13.99,14.8,14.8,0
3/14/12,14.42,16.190001,14.39,15.31,15.31,0
3/15/12,15.32,16.059999,14.58,15.42,15.42,0
3/16/12,14.43,15.24,13.66,14.47,14.47,0
3/19/12,15.42,15.43,14.54,15.04,15.04,0
3/20/12,15.82,15.95,15.11,15.58,15.58,0
3/21/12,14.72,15.31,14.19,15.13,15.13,0
3/22/12,16.040001,16.58,15.56,15.57,15.57,0
3/23/12,15.65,16.389999,14.69,14.82,14.82,0
3/26/12,14.51,15.03,14.26,14.26,14.26,0
3/27/12,14.52,15.59,14.14,15.59,15.59,0
3/28/12,15.58,17.27,15.4,15.47,15.47,0
3/29/12,16.84,17.200001,15.39,15.48,15.48,0
3/30/12,14.88,15.98,14.67,15.5,15.5,0
4/2/12,16.35,16.58,15.02,15.64,15.64,0
4/3/12,15.61,16.65,15.56,15.66,15.66,0
4/4/12,17.07,17.74,16.309999,16.440001,16.440001,0
4/5/12,17.02,17.129999,16.290001,16.700001,16.700001,0
4/9/12,18.940001,18.940001,17.93,18.809999,18.809999,0
4/10/12,19.1,21.059999,18.620001,20.389999,20.389999,0
4/11/12,19.219999,20.120001,18.73,20.02,20.02,0
4/12/12,19.629999,19.74,17.200001,17.200001,17.200001,0
4/13/12,17.950001,19.620001,17.85,19.549999,19.549999,0
4/16/12,18.870001,20.42,18.6,19.549999,19.549999,0
4/17/12,18.66,18.66,17.58,18.459999,18.459999,0
4/18/12,19.02,19.17,17.700001,18.639999,18.639999,0
4/19/12,18.51,19.690001,17.690001,18.360001,18.360001,0
4/20/12,17.92,18.049999,16.969999,17.440001,17.440001,0
4/23/12,20.219999,20.27,18.950001,18.969999,18.969999,0
4/24/12,19.219999,19.219999,18.09,18.1,18.1,0
4/25/12,17.049999,17.379999,16.82,16.82,16.82,0
4/26/12,16.969999,17.040001,15.75,16.24,16.24,0
4/27/12,15.83,16.469999,15.83,16.32,16.32,0
4/30/12,17.040001,17.41,16.92,17.15,17.15,0
5/1/12,17.27,17.49,16.01,16.6,16.6,0
5/2/12,17.25,17.629999,16.780001,16.879999,16.879999,0
5/3/12,16.9,17.92,16.73,17.559999,17.559999,0
5/4/12,18.030001,19.280001,17.809999,19.16,19.16,0
5/7/12,19.799999,19.870001,18.41,18.940001,18.940001,0
5/8/12,19.440001,20.91,17.950001,19.049999,19.049999,0
5/9/12,20.65,21.59,19.379999,20.08,20.08,0
5/10/12,19.25,19.879999,18.77,18.83,18.83,0
5/11/12,19.93,19.940001,18.620001,19.889999,19.889999,0
5/14/12,21.469999,21.870001,20.940001,21.870001,21.870001,0
5/15/12,21.43,22.700001,20.76,21.969999,21.969999,0
5/16/12,21.540001,22.690001,20.83,22.27,22.27,0
5/17/12,21.99,24.51,21.870001,24.49,24.49,0
5/18/12,23.27,25.139999,23.07,25.1,25.1,0
5/21/12,24.879999,24.879999,22.01,22.01,22.01,0
5/22/12,21.76,23.190001,19.98,22.48,22.48,0
5/23/12,23.32,24.620001,21.99,22.33,22.33,0
5/24/12,22,23.219999,21.48,21.540001,21.540001,0
5/25/12,22.049999,22.290001,21.299999,21.76,21.76,0
5/29/12,21.700001,22.469999,20.99,21.030001,21.030001,0
5/30/12,22.68,24.139999,22.66,24.139999,24.139999,0
5/31/12,23.83,25.459999,22.780001,24.059999,24.059999,0
6/1/12,25.870001,26.709999,23.940001,26.66,26.66,0
6/4/12,26.35,27.73,25.719999,26.120001,26.120001,0
6/5/12,25.9,25.9,24.5,24.68,24.68,0
6/6/12,23.76,23.889999,21.799999,22.16,22.16,0
6/7/12,21,22.48,20.74,21.719999,21.719999,0
6/8/12,22.540001,23.1,20.290001,21.23,21.23,0
6/11/12,19.870001,23.559999,19.629999,23.559999,23.559999,0
6/12/12,23.15,23.9,22.09,22.09,22.09,0
6/13/12,22.93,24.93,22.66,24.27,24.27,0
6/14/12,24.190001,24.809999,21.549999,21.68,21.68,0
6/15/12,22.469999,23.09,20.610001,21.110001,21.110001,0
6/18/12,21.76,21.98,18.24,18.32,18.32,0
6/19/12,17.66,18.620001,17.360001,18.379999,18.379999,0
6/20/12,17.959999,20.049999,17.09,17.24,17.24,0
6/21/12,16.889999,20.48,16.77,20.08,20.08,0
6/22/12,18.65,19.370001,17.9,18.110001,18.110001,0
6/25/12,20.469999,21.360001,19.889999,20.379999,20.379999,0
6/26/12,20.01,20.57,19.42,19.719999,19.719999,0
6/27/12,19.549999,20.120001,19.379999,19.450001,19.450001,0
6/28/12,20.33,21.190001,19.6,19.709999,19.709999,0
6/29/12,17.52,19.709999,16.870001,17.08,17.08,0
7/2/12,17.620001,18.190001,16.66,16.799999,16.799999,0
7/3/12,16.67,16.92,16.27,16.66,16.66,0
7/5/12,17.610001,18.219999,17.18,17.5,17.5,0
7/6/12,18.200001,18.25,16.950001,17.1,17.1,0
7/9/12,18.17,18.32,17.73,17.98,17.98,0
7/10/12,17.51,19.190001,17.290001,18.719999,18.719999,0
7/11/12,17.98,19.17,17.84,17.950001,17.950001,0
7/12/12,18.82,19.51,17.75,18.33,18.33,0
7/13/12,17.780001,17.82,16.360001,16.74,16.74,0
7/16/12,17.309999,17.32,16.459999,17.110001,17.110001,0
7/17/12,16.719999,17.459999,16.09,16.48,16.48,0
7/18/12,16.809999,16.809999,15.69,16.16,16.16,0
7/19/12,16.059999,16.700001,15.45,15.45,15.45,0
7/20/12,16.65,17.049999,15.97,16.27,16.27,0
7/23/12,20.41,20.49,18.34,18.620001,18.620001,0
7/24/12,18.379999,21,18.370001,20.469999,20.469999,0
7/25/12,19.790001,20.67,18.99,19.34,19.34,0
7/26/12,17.68,18.469999,17.07,17.530001,17.530001,0
7/27/12,17.110001,17.299999,16.52,16.700001,16.700001,0
7/30/12,17.549999,18.08,17.23,18.030001,18.030001,0
7/31/12,18.4,19.09,18.26,18.93,18.93,0
8/1/12,18.799999,19.18,18.200001,18.959999,18.959999,0
8/2/12,19.049999,19.25,17.559999,17.57,17.57,0
8/3/12,16.049999,16.450001,15.64,15.64,15.64,0
8/6/12,15.85,16.27,15.82,15.95,15.95,0
8/7/12,15.55,16.030001,15.48,15.99,15.99,0
8/8/12,16.459999,16.469999,15.27,15.32,15.32,0
8/9/12,15.39,15.67,15.28,15.28,15.28,0
8/10/12,15.34,15.5,14.73,14.74,14.74,0
8/13/12,14.09,14.67,13.67,13.7,13.7,0
8/14/12,13.91,15.06,13.91,14.85,14.85,0
8/15/12,14.82,14.98,14.36,14.63,14.63,0
8/16/12,14.88,15.15,14.28,14.29,14.29,0
8/17/12,14.23,14.3,13.3,13.45,13.45,0
8/20/12,14.11,14.78,13.38,14.02,14.02,0
8/21/12,14.1,15.44,13.46,15.02,15.02,0
8/22/12,15.32,15.52,14.75,15.11,15.11,0
8/23/12,15,16.450001,15,15.96,15.96,0
8/24/12,15.99,16,15.18,15.18,15.18,0
8/27/12,16.15,16.379999,15.75,16.35,16.35,0
8/28/12,16.32,16.92,16.01,16.49,16.49,0
8/29/12,16.610001,17.059999,16.5,17.059999,17.059999,0
8/30/12,17.48,18.049999,17.440001,17.83,17.83,0
8/31/12,17.25,18.040001,16.559999,17.469999,17.469999,0
9/4/12,18.65,18.959999,17.85,17.98,17.98,0
9/5/12,17.379999,17.84,16.99,17.74,17.74,0
9/6/12,17.299999,17.299999,15.6,15.6,15.6,0
9/7/12,15.6,15.6,14.33,14.38,14.38,0
9/10/12,14.27,16.280001,13.97,16.280001,16.280001,0
9/11/12,16.110001,16.41,15.46,16.41,16.41,0
9/12/12,15.59,16.309999,15.43,15.8,15.8,0
9/13/12,15.6,16.540001,13.91,14.05,14.05,0
9/14/12,13.82,14.71,13.51,14.51,14.51,0
9/17/12,14.67,14.92,14.38,14.59,14.59,0
9/18/12,14.51,14.88,13.97,14.18,14.18,0
9/19/12,13.95,14.08,13.61,13.88,13.88,0
9/20/12,14.63,14.67,14.07,14.07,14.07,0
9/21/12,13.94,14.18,13.69,13.98,13.98,0
9/24/12,15.06,15.06,13.87,14.15,14.15,0
9/25/12,14.19,15.72,14.03,15.43,15.43,0
9/26/12,15.83,17.08,15.83,16.809999,16.809999,0
9/27/12,16.379999,16.5,14.83,14.84,14.84,0
9/28/12,15.23,15.77,14.95,15.73,15.73,0
10/1/12,16.030001,16.530001,15.13,16.32,16.32,0
10/2/12,15.85,16.5,15.7,15.71,15.71,0
10/3/12,15.63,16.02,15.13,15.43,15.43,0
10/4/12,15.23,15.33,14.53,14.55,14.55,0
10/5/12,13.68,14.78,13.67,14.33,14.33,0
10/8/12,15.19,15.46,15.04,15.11,15.11,0
10/9/12,15.28,16.4,15.18,16.370001,16.370001,0
10/10/12,16.52,16.790001,16.129999,16.290001,16.290001,0
10/11/12,15.33,15.8,15.31,15.59,15.59,0
10/12/12,15.41,16.18,14.96,16.139999,16.139999,0
10/15/12,16.049999,16.209999,15.23,15.27,15.27,0
10/16/12,14.84,15.23,14.5,15.22,15.22,0
10/17/12,15.43,15.63,14.9,15.07,15.07,0
10/18/12,15.25,15.5,14.68,15.03,15.03,0
10/19/12,14.91,17.6,14.9,17.059999,17.059999,0
10/22/12,17.440001,17.98,16.620001,16.620001,16.620001,0
10/23/12,18.23,19.65,18.17,18.83,18.83,0
10/24/12,18.219999,18.67,17.93,18.33,18.33,0
10/25/12,17.559999,18.639999,17.299999,18.120001,18.120001,0
10/26/12,18.030001,18.639999,17.52,17.809999,17.809999,0
10/31/12,17.68,18.84,17.559999,18.6,18.6,0
11/1/12,17.77,17.790001,16.450001,16.690001,16.690001,0
11/2/12,16.059999,17.6,16.049999,17.59,17.59,0
11/5/12,18.33,18.700001,18.129999,18.42,18.42,0
11/6/12,18.16,18.17,17.190001,17.58,17.58,0
11/7/12,17.719999,19.4,17.620001,19.08,19.08,0
11/8/12,18.690001,18.690001,17.959999,18.49,18.49,0
11/9/12,18.799999,18.809999,17.67,18.610001,18.610001,0
11/12/12,18.15,18.15,16.450001,16.68,16.68,0
11/13/12,17.360001,17.379999,16.120001,16.65,16.65,0
11/14/12,16.32,18.049999,15.93,17.92,17.92,0
11/15/12,17.74,18.639999,17.620001,17.99,17.99,0
11/16/12,17.65,18.5,16.41,16.41,16.41,0
11/19/12,15.88,15.98,15.1,15.24,15.24,0
11/20/12,15.11,15.65,15.06,15.08,15.08,0
11/21/12,14.96,15.43,14.77,15.31,15.31,0
11/23/12,15,15.26,15,15.14,15.14,0
11/26/12,15.63,15.84,15.47,15.5,15.5,0
11/27/12,15.3,15.93,15.01,15.92,15.92,0
11/28/12,16.43,16.98,15.47,15.51,15.51,0
11/29/12,15.21,15.51,15.02,15.06,15.06,0
11/30/12,15.26,16.17,14.89,15.87,15.87,0
12/3/12,15.81,16.690001,15.76,16.639999,16.639999,0
12/4/12,16.66,17.370001,16.379999,17.120001,17.120001,0
12/5/12,16.950001,17.530001,16.27,16.459999,16.459999,0
12/6/12,16.59,16.85,16.309999,16.58,16.58,0
12/7/12,16.120001,16.65,15.73,15.9,15.9,0
12/10/12,16.469999,16.469999,15.96,16.049999,16.049999,0
12/11/12,15.94,16.01,15.42,15.57,15.57,0
12/12/12,15.6,16.09,15.41,15.95,15.95,0
12/13/12,15.87,16.67,15.71,16.559999,16.559999,0
12/14/12,16.68,17.15,16.610001,17,17,0
12/17/12,17.200001,17.200001,16.209999,16.34,16.34,0
12/18/12,16.389999,16.43,15.46,15.57,15.57,0
12/19/12,16.049999,17.459999,16.040001,17.360001,17.360001,0
12/20/12,17.26,17.959999,17.110001,17.67,17.67,0
12/21/12,19.85,19.93,17.76,17.84,17.84,0
12/24/12,18.459999,18.66,17.84,17.84,17.84,0
12/26/12,18.709999,19.629999,18.610001,19.48,19.48,0
12/27/12,19.389999,20.9,19.110001,19.469999,19.469999,0
12/28/12,20.32,23.23,19.940001,22.719999,22.719999,0
12/31/12,22.139999,22.719999,17.879999,18.02,18.02,0
1/2/13,15.24,15.93,14.6,14.68,14.68,0
1/3/13,14.77,14.92,14.24,14.56,14.56,0
1/4/13,14.23,14.31,13.64,13.83,13.83,0
1/7/13,14.53,14.53,13.71,13.79,13.79,0
1/8/13,13.88,14.29,13.62,13.62,13.62,0
1/9/13,13.32,13.93,13.22,13.81,13.81,0
1/10/13,13.33,13.88,13.33,13.49,13.49,0
1/11/13,13.55,13.79,13.22,13.36,13.36,0
1/14/13,13.66,13.85,13.41,13.52,13.52,0
1/15/13,13.97,13.99,13.33,13.55,13.55,0
1/16/13,13.7,13.76,13.2,13.42,13.42,0
1/17/13,13.45,13.7,13.16,13.57,13.57,0
1/18/13,13.52,13.53,12.29,12.46,12.46,0
1/22/13,13.28,13.32,12.43,12.43,12.43,0
1/23/13,12.67,12.67,12.3,12.46,12.46,0
1/24/13,12.73,13.5,12.4,12.69,12.69,0
1/25/13,12.63,12.99,12.5,12.89,12.89,0
1/28/13,13.29,13.91,13.29,13.57,13.57,0
1/29/13,13.87,13.88,13.04,13.31,13.31,0
1/30/13,13.64,14.33,13.6,14.32,14.32,0
1/31/13,14.43,14.43,14.04,14.28,14.28,0
2/1/13,13.37,13.38,12.72,12.9,12.9,0
2/4/13,14,14.75,13.8,14.67,14.67,0
2/5/13,14.21,14.21,13.39,13.72,13.72,0
2/6/13,14.06,14.08,13.34,13.41,13.41,0
2/7/13,13.47,14.41,13.43,13.5,13.5,0
2/8/13,13.2,13.2,12.89,13.02,13.02,0
2/11/13,13.37,13.42,12.91,12.94,12.94,0
2/12/13,12.82,13.13,12.63,12.64,12.64,0
2/13/13,12.88,13.19,12.67,12.98,12.98,0
2/14/13,13.3,13.32,12.64,12.66,12.66,0
2/15/13,12.47,12.89,12.24,12.46,12.46,0
2/19/13,12.81,12.85,12.08,12.31,12.31,0
2/20/13,12.32,14.68,12.32,14.68,14.68,0
2/21/13,14.68,16.209999,14.67,15.22,15.22,0
2/22/13,14.6,15.02,14.16,14.17,14.17,0
2/25/13,13.69,19.280001,13.57,18.99,18.99,0
2/26/13,17.5,18.23,16.75,16.870001,16.870001,0
2/27/13,16.57,16.6,14.42,14.73,14.73,0
2/28/13,15,15.6,14.16,15.51,15.51,0
3/1/13,16.1,16.82,15.14,15.36,15.36,0
3/4/13,16.16,16.16,14.01,14.01,14.01,0
3/5/13,13.44,13.66,13.24,13.48,13.48,0
3/6/13,13.18,13.77,13.17,13.53,13.53,0
3/7/13,13.45,13.56,13.03,13.06,13.06,0
3/8/13,12.67,13.3,12.49,12.59,12.59,0
3/11/13,12.31,12.34,11.5,11.56,11.56,0
3/12/13,11.79,12.93,11.74,12.27,12.27,0
3/13/13,12.18,12.55,11.79,11.83,11.83,0
3/14/13,11.7,11.75,11.05,11.3,11.3,0
3/15/13,11.52,11.99,11.21,11.3,11.3,0
3/18/13,13.47,13.64,12.57,13.36,13.36,0
3/19/13,13.03,15.4,12.92,14.39,14.39,0
3/20/13,13.18,13.18,12.3,12.67,12.67,0
3/21/13,13.07,14.21,12.62,13.99,13.99,0
3/22/13,13.34,13.85,13.19,13.57,13.57,0
3/25/13,12.85,14.61,12.39,13.74,13.74,0
3/26/13,12.95,13.21,12.69,12.77,12.77,0
3/27/13,13.72,13.97,12.97,13.15,13.15,0
3/28/13,12.91,13.07,12.54,12.7,12.7,0
4/1/13,13.46,14.05,13.26,13.58,13.58,0
4/2/13,13.11,13.18,12.76,12.78,12.78,0
4/3/13,12.65,14.66,12.62,14.21,14.21,0
4/4/13,14.1,14.79,13.89,13.89,13.89,0
4/5/13,15.64,15.65,13.86,13.92,13.92,0
4/8/13,14.04,14.5,13.19,13.19,13.19,0
4/9/13,13.11,13.68,12.75,12.84,12.84,0
4/10/13,12.66,12.88,12.32,12.36,12.36,0
4/11/13,12.55,12.62,12.15,12.24,12.24,0
4/12/13,12.61,13.12,11.99,12.06,12.06,0
4/15/13,13.12,17.27,12.66,17.27,17.27,0
4/16/13,14.72,14.87,13.91,13.96,13.96,0
4/17/13,15.35,17.9,14.98,16.51,16.51,0
4/18/13,16.34,18.200001,16.32,17.559999,17.559999,0
4/19/13,16.67,16.98,14.87,14.97,14.97,0
4/22/13,15.08,16,14.04,14.39,14.39,0
4/23/13,13.81,14.87,13.46,13.48,13.48,0
4/24/13,13.57,13.75,13.36,13.61,13.61,0
4/25/13,13.61,13.87,13.13,13.62,13.62,0
4/26/13,13.94,14.18,13.49,13.61,13.61,0
4/29/13,13.72,13.94,13.36,13.71,13.71,0
4/30/13,13.71,14.28,13.51,13.52,13.52,0
5/1/13,13.88,14.67,13.87,14.49,14.49,0
5/2/13,14.48,14.48,13.58,13.59,13.59,0
5/3/13,12.92,13.15,12.77,12.85,12.85,0
5/6/13,13.06,13.19,12.66,12.66,12.66,0
5/7/13,12.63,12.96,12.49,12.83,12.83,0
5/8/13,12.87,13.04,12.62,12.66,12.66,0
5/9/13,12.91,13.53,12.78,13.13,13.13,0
5/10/13,13.08,13.45,12.54,12.59,12.59,0
5/13/13,12.57,12.87,12.49,12.55,12.55,0
5/14/13,12.61,13.21,12.54,12.77,12.77,0
5/15/13,12.98,13.43,12.78,12.81,12.81,0
5/16/13,13.07,13.46,12.79,13.07,13.07,0
5/17/13,12.73,12.94,12.26,12.45,12.45,0
5/20/13,13.28,13.28,12.84,13.02,13.02,0
5/21/13,13.08,13.44,12.89,13.37,13.37,0
5/22/13,13.45,14.45,13.05,13.82,13.82,0
5/23/13,14.94,15.11,13.87,14.07,14.07,0
5/24/13,14.59,14.79,13.99,13.99,13.99,0
5/28/13,13.67,14.56,13.56,14.48,14.48,0
5/29/13,15.3,15.65,14.59,14.83,14.83,0
5/30/13,14.9,14.98,14.27,14.53,14.53,0
5/31/13,15.02,16.35,14.36,16.299999,16.299999,0
6/3/13,16.4,17.58,16.15,16.280001,16.280001,0
6/4/13,16.16,17.25,15.82,16.27,16.27,0
6/5/13,16.860001,17.84,16.57,17.5,17.5,0
6/6/13,17.700001,18.51,16.6,16.629999,16.629999,0
6/7/13,15.9,16.209999,14.96,15.14,15.14,0
6/10/13,15.16,15.6,15.1,15.44,15.44,0
6/11/13,16.91,17.139999,16,17.07,17.07,0
6/12/13,16.51,18.6,16.43,18.59,18.59,0
6/13/13,18.379999,18.58,16.370001,16.41,16.41,0
6/14/13,16.629999,17.26,16.030001,17.15,17.15,0
6/17/13,16.530001,17.620001,16.33,16.799999,16.799999,0
6/18/13,16.809999,16.950001,16.459999,16.610001,16.610001,0
6/19/13,16.889999,17.18,15.36,16.639999,16.639999,0
6/20/13,18.4,21.32,18.01,20.49,20.49,0
6/21/13,18.969999,20.93,18.25,18.9,18.9,0
6/24/13,20.870001,21.91,18.58,20.110001,20.110001,0
6/25/13,18.65,19.219999,17.82,18.469999,18.469999,0
6/26/13,17.23,18.059999,17.08,17.209999,17.209999,0
6/27/13,16.6,16.969999,16.34,16.860001,16.860001,0
6/28/13,17.25,17.690001,16.190001,16.860001,16.860001,0
7/1/13,16.9,16.9,16,16.370001,16.370001,0
7/2/13,16.49,16.93,15.88,16.440001,16.440001,0
7/3/13,17.219999,17.32,16.200001,16.200001,16.200001,0
7/5/13,15.59,16.280001,14.89,14.89,14.89,0
7/8/13,14.66,15.27,14.66,14.78,14.78,0
7/9/13,14.33,14.65,14.26,14.35,14.35,0
7/10/13,14.46,14.62,14.06,14.21,14.21,0
7/11/13,13.57,14.2,13.57,14.01,14.01,0
7/12/13,13.9,14.04,13.74,13.84,13.84,0
7/15/13,13.98,14.11,13.5,13.79,13.79,0
7/16/13,13.78,14.56,13.78,14.42,14.42,0
7/17/13,14.2,14.44,13.76,13.78,13.78,0
7/18/13,13.63,13.8,13.2,13.77,13.77,0
7/19/13,13.89,13.97,12.54,12.54,12.54,0
7/22/13,13.23,13.37,12.29,12.29,12.29,0
7/23/13,12.15,13.06,12.07,12.66,12.66,0
7/24/13,12.69,13.49,12.69,13.18,13.18,0
7/25/13,13.47,13.54,12.91,12.97,12.97,0
7/26/13,13.41,13.73,12.71,12.72,12.72,0
7/29/13,13.54,13.86,13.38,13.39,13.39,0
7/30/13,13.45,14.14,13.35,13.39,13.39,0
7/31/13,13.55,13.83,12.94,13.45,13.45,0
8/1/13,12.89,13.25,12.82,12.94,12.94,0
8/2/13,12.66,12.74,11.98,11.98,11.98,0
8/5/13,12.29,12.42,11.83,11.84,11.84,0
8/6/13,12.19,12.93,12.06,12.72,12.72,0
8/7/13,13.17,13.91,12.96,12.98,12.98,0
8/8/13,12.5,13.13,12.37,12.73,12.73,0
8/9/13,12.88,13.66,12.71,13.41,13.41,0
8/12/13,13.52,13.57,12.8,12.81,12.81,0
8/13/13,12.86,13.37,12.29,12.31,12.31,0
8/14/13,12.48,13.09,12.35,13.04,13.04,0
8/15/13,14.14,14.85,13.91,14.73,14.73,0
8/16/13,14.56,14.88,13.62,14.37,14.37,0
8/19/13,14.94,15.2,14.35,15.1,15.1,0
8/20/13,15.22,15.25,14.29,14.91,14.91,0
8/21/13,16,16.559999,14.67,15.94,15.94,0
8/22/13,15.26,15.26,14.66,14.76,14.76,0
8/23/13,14.29,14.82,13.98,13.98,13.98,0
8/26/13,14.37,15.01,13.9,14.99,14.99,0
8/27/13,16.559999,17.129999,15.82,16.77,16.77,0
8/28/13,16.959999,17.110001,16.1,16.49,16.49,0
8/29/13,16.790001,16.98,15.99,16.809999,16.809999,0
8/30/13,16.75,17.809999,16.700001,17.01,17.01,0
9/3/13,16.469999,17.370001,16.110001,16.610001,16.610001,0
9/4/13,16.879999,17.01,15.77,15.88,15.88,0
9/5/13,16.120001,16.120001,15.63,15.77,15.77,0
9/6/13,15.35,16.809999,15.17,15.85,15.85,0
9/9/13,15.86,16.02,15.22,15.63,15.63,0
9/10/13,14.89,15.09,14.5,14.53,14.53,0
9/11/13,14.74,14.74,13.82,13.82,13.82,0
9/12/13,13.93,14.39,13.73,14.29,14.29,0
9/13/13,14.27,14.55,14.11,14.16,14.16,0
9/16/13,14.1,14.49,13.87,14.38,14.38,0
9/17/13,14.44,14.61,14.28,14.53,14.53,0
9/18/13,14.68,14.68,13.23,13.59,13.59,0
9/19/13,13.02,13.39,13.02,13.16,13.16,0
9/20/13,13.3,13.47,12.52,13.12,13.12,0
9/23/13,14.04,14.71,14.02,14.31,14.31,0
9/24/13,14.17,14.37,13.75,14.08,14.08,0
9/25/13,14.24,14.62,13.89,14.01,14.01,0
9/26/13,13.8,14.4,13.58,14.06,14.06,0
9/27/13,14.62,15.79,14.62,15.46,15.46,0
9/30/13,17.49,17.49,16.16,16.6,16.6,0
10/1/13,16.309999,16.459999,15.47,15.54,15.54,0
10/2/13,16.4,16.809999,16.129999,16.6,16.6,0
10/3/13,16.629999,18.709999,16.629999,17.67,17.67,0
10/4/13,17.719999,17.870001,16.66,16.74,16.74,0
10/7/13,18.76,19.41,18.08,19.41,19.41,0
10/8/13,19.01,21.01,18.98,20.34,20.34,0
10/9/13,20.190001,21.34,19.040001,19.6,19.6,0
10/10/13,17.66,17.92,16.290001,16.48,16.48,0
10/11/13,16.309999,16.379999,15.46,15.72,15.72,0
10/14/13,17.08,17.74,15.8,16.07,16.07,0
10/15/13,16.41,18.67,16.16,18.66,18.66,0
10/16/13,17.139999,17.15,14.67,14.71,14.71,0
10/17/13,14.52,14.59,12.89,13.48,13.48,0
10/18/13,12.86,13.53,12.34,13.04,13.04,0
10/21/13,13.34,13.63,13.07,13.16,13.16,0
10/22/13,12.99,13.92,12.93,13.33,13.33,0
10/23/13,13.71,14.21,13.42,13.42,13.42,0
10/24/13,13.5,13.62,13.15,13.2,13.2,0
10/25/13,13.16,13.44,13.08,13.09,13.09,0
10/28/13,13.62,13.72,13.22,13.31,13.31,0
10/29/13,13.25,13.63,13.06,13.41,13.41,0
10/30/13,13.72,14.35,13.64,13.65,13.65,0
10/31/13,13.83,14.02,13.28,13.75,13.75,0
11/1/13,13.46,13.92,13.22,13.28,13.28,0
11/4/13,13.35,13.67,12.91,12.93,12.93,0
11/5/13,13.22,13.64,12.86,13.27,13.27,0
11/6/13,13.01,13.33,12.67,12.67,12.67,0
11/7/13,12.99,14.14,12.93,13.91,13.91,0
11/8/13,13.76,13.8,12.84,12.9,12.9,0
11/11/13,12.85,12.93,12.4,12.53,12.53,0
11/12/13,12.8,13.06,12.63,12.82,12.82,0
11/13/13,13.35,13.35,12.46,12.52,12.52,0
11/14/13,12.8,12.94,12.28,12.37,12.37,0
11/15/13,12.12,12.45,11.99,12.19,12.19,0
11/18/13,12.41,13.22,12.41,13.1,13.1,0
11/19/13,13.03,13.68,12.88,13.39,13.39,0
11/20/13,13.56,13.94,12.97,13.4,13.4,0
11/21/13,13.09,13.09,12.44,12.66,12.66,0
11/22/13,12.69,12.91,12.24,12.26,12.26,0
11/25/13,12.55,12.92,12.49,12.79,12.79,0
11/26/13,12.84,12.99,12.49,12.81,12.81,0
11/27/13,12.81,12.98,12.44,12.98,12.98,0
11/29/13,13.06,13.78,12.93,13.7,13.7,0
12/2/13,13.91,14.31,13.78,14.23,14.23,0
12/3/13,14.74,15.04,14.43,14.55,14.55,0
12/4/13,15.03,15.71,14.22,14.7,14.7,0
12/5/13,14.82,15.38,14.7,15.08,15.08,0
12/6/13,13.97,14.09,13.62,13.79,13.79,0
12/9/13,13.97,14.07,13.49,13.49,13.49,0
12/10/13,14.14,14.22,13.69,13.91,13.91,0
12/11/13,13.98,15.43,13.98,15.42,15.42,0
12/12/13,15.44,16.09,15.21,15.54,15.54,0
12/13/13,15.17,15.8,15.06,15.76,15.76,0
12/16/13,15.64,16.08,15.3,16.030001,16.030001,0
12/17/13,16.040001,16.67,15.81,16.209999,16.209999,0
12/18/13,15.95,16.75,13.74,13.8,13.8,0
12/19/13,13.59,14.21,12.89,14.15,14.15,0
12/20/13,13.61,13.87,13.12,13.79,13.79,0
12/23/13,13.37,13.53,13.02,13.04,13.04,0
12/24/13,12.85,12.89,12.48,12.48,12.48,0
12/26/13,12.48,12.5,11.69,12.33,12.33,0
12/27/13,12.21,12.59,12.2,12.46,12.46,0
12/30/13,12.87,13.58,12.83,13.56,13.56,0
12/31/13,13.43,14.35,13.38,13.72,13.72,0
1/2/14,14.32,14.59,14,14.23,14.23,0
1/3/14,14.06,14.22,13.57,13.76,13.76,0
1/6/14,13.41,14,13.22,13.55,13.55,0
1/7/14,12.38,13.28,12.16,12.92,12.92,0
1/8/14,13.04,13.24,12.86,12.87,12.87,0
1/9/14,12.83,13.26,12.83,12.89,12.89,0
1/10/14,12.6,12.9,12.14,12.14,12.14,0
1/13/14,12.18,13.65,11.82,13.28,13.28,0
1/14/14,12.89,12.9,11.96,12.28,12.28,0
1/15/14,12.15,12.4,11.81,12.28,12.28,0
1/16/14,12.32,12.66,12.28,12.53,12.53,0
1/17/14,12.34,12.93,12.04,12.44,12.44,0
1/21/14,12.63,13.42,12.61,12.87,12.87,0
1/22/14,12.57,13.12,12.55,12.84,12.84,0
1/23/14,13.67,14.66,13.67,13.77,13.77,0
1/24/14,14.95,18.139999,14.92,18.139999,18.139999,0
1/27/14,17.290001,18.99,16.85,17.42,17.42,0
1/28/14,17.27,17.280001,15.8,15.8,15.8,0
1/29/14,17.950001,18.040001,16.709999,17.35,17.35,0
1/30/14,16.370001,17.389999,15.96,17.290001,17.290001,0
1/31/14,18.709999,18.99,17.27,18.41,18.41,0
2/3/14,18.57,21.48,18.34,21.440001,21.440001,0
2/4/14,19.99,20.07,18.440001,19.110001,19.110001,0
2/5/14,19.59,20.719999,19.129999,19.950001,19.950001,0
2/6/14,19.09,19.09,17.09,17.23,17.23,0
2/7/14,16.15,16.309999,15.09,15.29,15.29,0
2/10/14,15.63,15.76,15.1,15.26,15.26,0
2/11/14,15.29,15.29,14.08,14.51,14.51,0
2/12/14,14.31,14.64,14.02,14.3,14.3,0
2/13/14,15.24,15.24,13.98,14.14,14.14,0
2/14/14,14.21,14.22,13.44,13.57,13.57,0
2/18/14,13.95,14.51,13.77,13.87,13.87,0
2/19/14,14.85,15.73,14.12,15.5,15.5,0
2/20/14,15.28,15.8,14.59,14.79,14.79,0
2/21/14,14.74,14.79,14.19,14.68,14.68,0
2/24/14,14.83,14.83,13.97,14.23,14.23,0
2/25/14,14.17,14.83,13.66,13.67,13.67,0
2/26/14,13.83,14.54,13.73,14.35,14.35,0
2/27/14,14.56,14.69,13.92,14.04,14.04,0
2/28/14,14.22,14.79,13.49,14,14,0
3/3/14,16.469999,16.780001,15.38,16,16,0
3/4/14,14.53,14.54,14,14.1,14.1,0
3/5/14,14.13,14.32,13.81,13.89,13.89,0
3/6/14,13.82,14.42,13.73,14.21,14.21,0
3/7/14,13.51,14.43,13.51,14.11,14.11,0
3/10/14,14.76,15.28,14.2,14.2,14.2,0
3/11/14,14.22,14.93,13.84,14.8,14.8,0
3/12/14,15.37,15.64,14.43,14.47,14.47,0
3/13/14,14.28,16.66,14.24,16.219999,16.219999,0
3/14/14,16.74,18.219999,16.09,17.82,17.82,0
3/17/14,16.389999,16.4,15.37,15.64,15.64,0
3/18/14,15.42,15.47,14.16,14.52,14.52,0
3/19/14,14.56,15.95,13.89,15.12,15.12,0
3/20/14,15.58,15.62,14.5,14.52,14.52,0
3/21/14,13.96,15.17,13.77,15,15,0
3/24/14,14.7,16.07,14.56,15.09,15.09,0
3/25/14,14.16,15.05,13.96,14.02,14.02,0
3/26/14,13.64,15.28,13.46,14.93,14.93,0
3/27/14,15,15.63,14.49,14.62,14.62,0
3/28/14,14.15,14.86,13.73,14.41,14.41,0
3/31/14,13.88,14.16,13.57,13.88,13.88,0
4/1/14,13.43,13.56,13.06,13.1,13.1,0
4/2/14,13.17,13.35,12.92,13.09,13.09,0
4/3/14,13.02,13.7,13.02,13.37,13.37,0
4/4/14,12.88,14.55,12.6,13.96,13.96,0
4/7/14,14.96,16.01,14.57,15.57,15.57,0
4/8/14,15.59,16.200001,14.81,14.89,14.89,0
4/9/14,14.58,14.94,13.7,13.82,13.82,0
4/10/14,13.98,16.379999,13.81,15.89,15.89,0
4/11/14,16.66,17.85,15.89,17.030001,17.030001,0
4/14/14,16.139999,17.4,16.1,16.110001,16.110001,0
4/15/14,16.139999,17.5,15.47,15.61,15.61,0
4/16/14,14.89,15.27,14.05,14.18,14.18,0
4/17/14,14.09,14.17,13.07,13.36,13.36,0
4/21/14,14.1,14.11,13.17,13.25,13.25,0
4/22/14,13.13,13.26,12.9,13.19,13.19,0
4/23/14,13.35,13.75,13.27,13.27,13.27,0
4/24/14,13.36,14.08,13.09,13.32,13.32,0
4/25/14,13.93,14.67,13.91,14.06,14.06,0
4/28/14,14.27,15.28,13.82,13.97,13.97,0
4/29/14,13.88,14.24,13.61,13.71,13.71,0
4/30/14,14.05,14.18,13.34,13.41,13.41,0
5/1/14,13.64,13.75,13.1,13.25,13.25,0
5/2/14,13.15,13.5,12.83,12.91,12.91,0
5/5/14,13.95,14.2,13.08,13.29,13.29,0
5/6/14,13.65,13.9,13.28,13.8,13.8,0
5/7/14,13.64,14.49,13.39,13.4,13.4,0
5/8/14,13.69,13.88,12.92,13.43,13.43,0
5/9/14,13.55,14.03,12.87,12.92,12.92,0
5/12/14,12.46,12.58,11.88,12.23,12.23,0
5/13/14,12.36,12.74,12.05,12.13,12.13,0
5/14/14,12.42,12.51,12.03,12.17,12.17,0
5/15/14,12.73,13.77,12.72,13.17,13.17,0
5/16/14,13.31,13.66,12.26,12.44,12.44,0
5/19/14,13.17,13.21,12.28,12.42,12.42,0
5/20/14,12.69,13.3,12.32,12.96,12.96,0
5/21/14,12.38,12.46,11.8,11.91,11.91,0
5/22/14,11.93,12.09,11.68,12.03,12.03,0
5/23/14,11.96,11.97,11.36,11.36,11.36,0
5/27/14,11.69,11.84,11.5,11.51,11.51,0
5/28/14,11.6,11.86,11.5,11.68,11.68,0
5/29/14,11.58,11.82,11.41,11.57,11.57,0
5/30/14,11.66,11.7,11.32,11.4,11.4,0
6/2/14,11.69,12.17,11.29,11.58,11.58,0
6/3/14,12.03,12.13,11.72,11.87,11.87,0
6/4/14,12.15,12.33,11.91,12.08,12.08,0
6/5/14,12.09,12.34,11.44,11.68,11.68,0
6/6/14,11.32,11.39,10.73,10.73,10.73,0
6/9/14,11.23,11.51,10.99,11.15,11.15,0
6/10/14,11.3,11.66,10.93,10.99,10.99,0
6/11/14,11.42,11.87,11.19,11.6,11.6,0
6/12/14,11.81,12.81,11.71,12.56,12.56,0
6/13/14,12.45,12.69,11.89,12.18,12.18,0
6/16/14,12.65,12.87,12.28,12.65,12.65,0
6/17/14,12.81,12.89,12.06,12.06,12.06,0
6/18/14,11.8,11.91,10.57,10.61,10.61,0
6/19/14,10.53,10.82,10.42,10.62,10.62,0
6/20/14,10.4,11.02,10.34,10.85,10.85,0
6/23/14,11.26,11.35,10.92,10.98,10.98,0
6/24/14,11.02,12.27,10.87,12.13,12.13,0
6/25/14,12.31,12.33,11.37,11.59,11.59,0
6/26/14,11.51,12.51,11.5,11.63,11.63,0
6/27/14,11.72,12.04,11.19,11.26,11.26,0
6/30/14,11.75,11.81,11.3,11.57,11.57,0
7/1/14,11.28,11.42,10.92,11.15,11.15,0
7/2/14,11.18,11.18,10.56,10.82,10.82,0
7/3/14,10.47,10.76,10.28,10.32,10.32,0
7/7/14,11.15,11.54,11.01,11.33,11.33,0
7/8/14,11.72,12.51,11.72,11.98,11.98,0
7/9/14,11.74,12.05,11.5,11.65,11.65,0
7/10/14,13.22,13.23,12.05,12.59,12.59,0
7/11/14,12.5,12.68,12.07,12.08,12.08,0
7/14/14,11.6,11.83,11.4,11.82,11.82,0
7/15/14,11.53,12.47,11.46,11.96,11.96,0
7/16/14,10.81,11.45,10.59,11,11,0
7/17/14,11.35,15.38,10.85,14.54,14.54,0
7/18/14,13.34,13.55,12.04,12.06,12.06,0
7/21/14,12.85,13.62,12.46,12.81,12.81,0
7/22/14,11.97,12.24,11.69,12.24,12.24,0
7/23/14,11.54,12.16,11.41,11.52,11.52,0
7/24/14,11.43,12.06,11.43,11.84,11.84,0
7/25/14,12.03,12.75,12.03,12.69,12.69,0
7/28/14,12.93,13.64,12.54,12.56,12.56,0
7/29/14,12.35,13.35,12.12,13.28,13.28,0
7/30/14,12.63,14.07,12.53,13.33,13.33,0
7/31/14,14.35,17.110001,14.26,16.950001,16.950001,0
8/1/14,16.67,17.57,15.52,17.030001,17.030001,0
8/4/14,16.639999,16.799999,14.69,15.12,15.12,0
8/5/14,15.54,17.139999,15.1,16.870001,16.870001,0
8/6/14,17.219999,17.299999,15.7,16.370001,16.370001,0
8/7/14,15.5,17.25,15.44,16.66,16.66,0
8/8/14,16.43,17.09,15.53,15.77,15.77,0
8/11/14,15.16,15.16,13.72,14.23,14.23,0
8/12/14,14.42,14.74,13.76,14.13,14.13,0
8/13/14,13.57,13.93,12.84,12.9,12.9,0
8/14/14,13.05,13.13,12.42,12.42,12.42,0
8/15/14,11.91,14.94,11.89,13.15,13.15,0
8/18/14,12.85,12.85,12.26,12.32,12.32,0
8/19/14,12.14,12.46,11.91,12.21,12.21,0
8/20/14,12.23,12.24,11.6,11.78,11.78,0
8/21/14,11.93,13.51,11.52,11.76,11.76,0
8/22/14,11.88,12.48,11.47,11.47,11.47,0
8/25/14,11.58,11.77,11.24,11.7,11.7,0
8/26/14,11.33,11.93,11.33,11.63,11.63,0
8/27/14,11.69,11.93,11.54,11.78,11.78,0
8/28/14,12.38,12.73,12.05,12.05,12.05,0
8/29/14,11.86,12.44,11.78,12.09,12.09,0
9/2/14,12.32,13.41,12.23,12.25,12.25,0
9/3/14,12.03,12.55,11.91,12.36,12.36,0
9/4/14,12.4,12.99,11.7,12.64,12.64,0
9/5/14,12.37,13.18,11.96,12.09,12.09,0
9/8/14,12.64,13.09,12.4,12.66,12.66,0
9/9/14,12.7,13.91,12.7,13.5,13.5,0
9/10/14,13.36,14.06,12.86,12.88,12.88,0
9/11/14,13.53,13.67,12.66,12.8,12.8,0
9/12/14,12.85,14.27,12.85,13.31,13.31,0
9/15/14,13.54,14.19,13.54,14.12,14.12,0
9/16/14,14.48,14.53,12.72,12.73,12.73,0
9/17/14,13.06,14.53,11.73,12.65,12.65,0
9/18/14,12.55,12.58,11.98,12.03,12.03,0
9/19/14,11.73,12.61,11.52,12.11,12.11,0
9/22/14,13.14,13.98,13.13,13.69,13.69,0
9/23/14,14.82,14.94,13.83,14.93,14.93,0
9/24/14,14.62,14.93,13.24,13.27,13.27,0
9/25/14,14.11,16.690001,14.03,15.64,15.64,0
9/26/14,15.77,15.98,14.31,14.85,14.85,0
9/29/14,16.959999,17.08,15.45,15.98,15.98,0
9/30/14,15.49,16.43,15.18,16.309999,16.309999,0
10/1/14,16.440001,17.559999,16.08,16.709999,16.709999,0
10/2/14,16.700001,17.98,15.9,16.16,16.16,0
10/3/14,15.16,15.43,14.44,14.55,14.55,0
10/6/14,14.46,15.77,14.05,15.46,15.46,0
10/7/14,16.18,17.459999,15.97,17.200001,17.200001,0
10/8/14,17.35,18.030001,14.97,15.11,15.11,0
10/9/14,15.64,19.379999,15.34,18.76,18.76,0
10/10/14,19.110001,22.059999,18.139999,21.24,21.24,0
10/13/14,21.16,24.639999,20.52,24.639999,24.639999,0
10/14/14,23.77,24.549999,21.48,22.790001,22.790001,0
10/15/14,26.360001,31.059999,24.639999,25.27,25.27,0
10/16/14,29.26,29.41,24.610001,25.200001,25.200001,0
10/17/14,21.68,23.08,20.23,21.99,21.99,0
10/20/14,22.110001,22.16,18.51,18.57,18.57,0
10/21/14,17.719999,17.75,16.030001,16.08,16.08,0
10/22/14,16.059999,18.43,15.56,17.870001,17.870001,0
10/23/14,16.07,17.059999,15.68,16.530001,16.530001,0
10/24/14,16.43,18.059999,16.09,16.110001,16.110001,0
10/27/14,17.24,17.870001,16,16.040001,16.040001,0
10/28/14,15.69,15.78,14.39,14.39,14.39,0
10/29/14,14.61,16.280001,14.19,15.15,15.15,0
10/30/14,15.31,15.75,14.07,14.52,14.52,0
10/31/14,13.84,14.83,13.72,14.03,14.03,0
11/3/14,14.41,14.99,14.23,14.73,14.73,0
11/4/14,15.05,15.93,14.83,14.89,14.89,0
11/5/14,14.15,14.99,14.15,14.17,14.17,0
11/6/14,14.46,15.08,13.67,13.67,13.67,0
11/7/14,13.71,14.16,13.01,13.12,13.12,0
11/10/14,13.16,13.25,12.38,12.67,12.67,0
11/11/14,12.71,13.18,12.6,12.92,12.92,0
11/12/14,13.76,13.76,12.99,13.02,13.02,0
11/13/14,13.33,14.31,12.87,13.79,13.79,0
11/14/14,13.79,14.15,13.31,13.31,13.31,0
11/17/14,14.7,14.73,13.84,13.99,13.99,0
11/18/14,13.86,13.99,13.13,13.86,13.86,0
11/19/14,14.01,14.78,13.83,13.96,13.96,0
11/20/14,14.66,15.74,13.58,13.58,13.58,0
11/21/14,13.16,13.8,12.9,12.9,12.9,0
11/24/14,12.92,13.02,12.43,12.62,12.62,0
11/25/14,12.55,13.02,12.23,12.25,12.25,0
11/26/14,12.27,12.4,11.91,12.07,12.07,0
11/28/14,12.64,13.49,12.36,13.33,13.33,0
12/1/14,14.16,14.75,13.94,14.16,14.16,0
12/2/14,14.1,14.17,12.85,12.85,12.85,0
12/3/14,12.75,12.88,12.21,12.5,12.5,0
12/4/14,12.7,13.23,12.09,12.38,12.38,0
12/5/14,12.08,12.28,11.53,11.89,11.89,0
12/8/14,13.05,14.67,12.55,14.21,14.21,0
12/9/14,16.23,16.68,15.12,15.35,15.35,0
12/10/14,15.56,18.92,15.4,18.530001,18.530001,0
12/11/14,17.68,20.129999,15.94,20.08,20.08,0
12/12/14,20.51,23.059999,18.34,21.08,21.08,0
12/15/14,19.59,24.83,17.77,20.42,20.42,0
12/16/14,23.549999,25.200001,19.6,23.57,23.57,0
12/17/14,23.9,24.610001,19.26,19.440001,19.440001,0
12/18/14,17.139999,18.51,16.07,16.809999,16.809999,0
12/19/14,16.57,17.200001,16.110001,16.49,16.49,0
12/22/14,16.32,16.879999,15.03,15.25,15.25,0
12/23/14,14.47,15.21,14.32,14.8,14.8,0
12/24/14,14.52,14.54,14.01,14.37,14.37,0
12/26/14,14.6,14.84,14.13,14.5,14.5,0
12/29/14,16.040001,16.139999,15.06,15.06,15.06,0
12/30/14,15.9,16.200001,15.48,15.92,15.92,0
12/31/14,15.91,19.91,15.86,19.200001,19.200001,0
1/2/15,17.76,20.139999,17.049999,17.790001,17.790001,0
1/5/15,19.190001,21.290001,19.190001,19.92,19.92,0
1/6/15,20.33,22.9,19.52,21.120001,21.120001,0
1/7/15,20.15,20.719999,19.040001,19.309999,19.309999,0
1/8/15,17.93,18.09,16.99,17.01,17.01,0
1/9/15,16.440001,18.42,16.440001,17.549999,17.549999,0
1/12/15,18.02,20.440001,18.02,19.6,19.6,0
1/13/15,18.209999,21.58,17.65,20.559999,20.559999,0
1/14/15,22.870001,23.34,21.32,21.48,21.48,0
1/15/15,21.23,23.309999,20.860001,22.389999,22.389999,0
1/16/15,22.799999,23.43,20.950001,20.950001,20.950001,0
1/20/15,20.07,21.370001,19.58,19.889999,19.889999,0
1/21/15,20.92,21.280001,18.639999,18.85,18.85,0
1/22/15,17.98,19.23,16.07,16.4,16.4,0
1/23/15,16.790001,17.09,15.81,16.66,16.66,0
1/26/15,16.959999,17.43,15.52,15.52,15.52,0
1/27/15,17.6,18.41,16.67,17.219999,17.219999,0
1/28/15,16.969999,20.440001,16.92,20.440001,20.440001,0
1/29/15,20.459999,21.559999,18.66,18.76,18.76,0
1/30/15,20.23,22.18,19.24,20.969999,20.969999,0
2/2/15,20.889999,22.809999,19.35,19.43,19.43,0
2/3/15,18.41,18.889999,17.200001,17.33,17.33,0
2/4/15,17.82,18.379999,16.82,18.33,18.33,0
2/5/15,17.290001,17.43,16.67,16.85,16.85,0
2/6/15,16.290001,18.74,16.059999,17.290001,17.290001,0
2/9/15,19.16,19.280001,18.209999,18.549999,18.549999,0
2/10/15,17.719999,18.360001,16.969999,17.23,17.23,0
2/11/15,17.43,17.809999,16.82,16.959999,16.959999,0
2/12/15,16.389999,16.469999,15.28,15.34,15.34,0
2/13/15,15.11,15.64,14.69,14.69,14.69,0
2/17/15,15.85,16.33,15.53,15.8,15.8,0
2/18/15,16.74,16.74,15.44,15.45,15.45,0
2/19/15,16.110001,16.219999,15.1,15.29,15.29,0
2/20/15,15.73,16.290001,14.27,14.3,14.3,0
2/23/15,15.05,15.48,14.49,14.56,14.56,0
2/24/15,14.5,14.63,13.53,13.69,13.69,0
2/25/15,13.64,14.06,12.86,13.84,13.84,0
2/26/15,13.55,14.57,13.55,13.91,13.91,0
2/27/15,14.07,14.17,13.29,13.34,13.34,0
3/2/15,13.9,13.9,12.87,13.04,13.04,0
3/3/15,13.35,14.69,13.25,13.86,13.86,0
3/4/15,14.28,14.71,14.13,14.23,14.23,0
3/5/15,14.01,14.58,13.88,14.04,14.04,0
3/6/15,14.61,15.83,14.18,15.2,15.2,0
3/9/15,15.72,15.76,14.71,15.06,15.06,0
3/10/15,16.469999,16.91,16.030001,16.690001,16.690001,0
3/11/15,16.440001,17.190001,16.290001,16.870001,16.870001,0
3/12/15,16.450001,16.450001,15.3,15.42,15.42,0
3/13/15,15.47,16.74,15.32,16,16,0
3/16/15,15.78,15.89,15.36,15.61,15.61,0
3/17/15,16.309999,16.370001,15.66,15.66,15.66,0
3/18/15,14.6,16.290001,13.38,13.97,13.97,0
3/19/15,14.68,14.97,13.84,14.07,14.07,0
3/20/15,13.52,13.53,12.54,13.02,13.02,0
3/23/15,13.52,13.53,12.89,13.41,13.41,0
3/24/15,13.36,13.68,12.59,13.62,13.62,0
3/25/15,13.26,15.55,13.2,15.44,15.44,0
3/26/15,16.639999,17.190001,15.23,15.8,15.8,0
3/27/15,15.73,15.83,14.19,15.07,15.07,0
3/30/15,14.76,14.76,14.08,14.51,14.51,0
3/31/15,14.97,15.74,14.33,15.29,15.29,0
4/1/15,15.32,16.66,15.08,15.11,15.11,0
4/2/15,15.3,15.51,14.27,14.67,14.67,0
4/6/15,15.75,15.76,14.04,14.74,14.74,0
4/7/15,14.57,14.81,14.01,14.78,14.78,0
4/8/15,14.59,14.77,13.75,13.98,13.98,0
4/9/15,14.14,14.59,13.09,13.09,13.09,0
4/10/15,13.2,13.26,12.51,12.58,12.58,0
4/13/15,13.17,14.31,12.71,13.94,13.94,0
4/14/15,14.34,14.74,13.64,13.67,13.67,0
4/15/15,13.58,13.58,12.83,12.84,12.84,0
4/16/15,13.27,13.35,12.5,12.6,12.6,0
4/17/15,13.97,15.02,13.73,13.89,13.89,0
4/20/15,13.67,13.67,12.83,13.3,13.3,0
4/21/15,12.75,13.51,12.66,13.25,13.25,0
4/22/15,12.97,13.8,12.57,12.71,12.71,0
4/23/15,12.96,12.96,12.12,12.48,12.48,0
4/24/15,12.21,13.02,12.16,12.29,12.29,0
4/27/15,12.34,13.4,12.33,13.12,13.12,0
4/28/15,13.26,14.23,12.41,12.41,12.41,0
4/29/15,13.44,14.34,12.61,13.39,13.39,0
4/30/15,13.89,15.29,12.49,14.55,14.55,0
5/1/15,13.98,13.98,12.68,12.7,12.7,0
5/4/15,13.12,13.18,12.1,12.85,12.85,0
5/5/15,13.21,14.41,12.97,14.31,14.31,0
5/6/15,13.93,16.360001,13.89,15.15,15.15,0
5/7/15,15.48,15.97,14.81,15.13,15.13,0
5/8/15,13.36,13.42,12.7,12.86,12.86,0
5/11/15,13.35,13.85,13,13.85,13.85,0
5/12/15,14.73,15.13,13.73,13.86,13.86,0
5/13/15,13.63,14.04,13.06,13.76,13.76,0
5/14/15,13.14,13.29,12.72,12.74,12.74,0
5/15/15,12.46,13.09,12.35,12.38,12.38,0
5/18/15,13.08,13.22,12.55,12.73,12.73,0
5/19/15,12.95,13.13,12.55,12.85,12.85,0
5/20/15,12.9,13.27,12.62,12.88,12.88,0
5/21/15,13.03,13.09,12.09,12.11,12.11,0
5/22/15,12.37,12.37,11.82,12.13,12.13,0
5/26/15,13.45,14.63,13.34,14.06,14.06,0
5/27/15,14.16,14.41,13.05,13.27,13.27,0
5/28/15,13.49,13.99,13.31,13.31,13.31,0
5/29/15,13.59,14.43,13.4,13.84,13.84,0
6/1/15,13.92,14.86,13.47,13.97,13.97,0
6/2/15,14.72,15.05,13.59,14.24,14.24,0
6/3/15,13.73,14.2,13.4,13.66,13.66,0
6/4/15,14.57,15.49,13.99,14.71,14.71,0
6/5/15,15.01,15.65,14.21,14.21,14.21,0
6/8/15,14.84,15.5,14.67,15.29,15.29,0
6/9/15,15.18,15.74,14.47,14.47,14.47,0
6/10/15,14.24,14.37,12.96,13.22,13.22,0
6/11/15,13.04,13.22,12.56,12.85,12.85,0
6/12/15,13.31,14.02,13.3,13.78,13.78,0
6/15/15,15.48,15.57,14.91,15.39,15.39,0
6/16/15,15.62,15.62,14.81,14.81,14.81,0
6/17/15,14.66,15.49,14.07,14.5,14.5,0
6/18/15,14.03,14.03,12.54,13.19,13.19,0
6/19/15,13.35,14,12.96,13.96,13.96,0
6/22/15,13.42,13.46,12.43,12.74,12.74,0
6/23/15,12.5,12.68,11.93,12.11,12.11,0
6/24/15,12.57,13.33,12.01,13.26,13.26,0
6/25/15,12.96,14.16,12.92,14.01,14.01,0
6/26/15,14.13,14.91,13.64,14.02,14.02,0
6/29/15,16.700001,19.5,15.82,18.85,18.85,0
6/30/15,17.6,19.799999,17.49,18.23,18.23,0
7/1/15,16.629999,17.26,15.65,16.09,16.09,0
7/2/15,15.43,17.48,15.39,16.790001,16.790001,0
7/6/15,18.65,18.950001,16.57,17.01,17.01,0
7/7/15,17.219999,19.200001,15.93,16.09,16.09,0
7/8/15,17.379999,19.76,16.940001,19.66,19.66,0
7/9/15,17.459999,20.049999,17.200001,19.969999,19.969999,0
7/10/15,17.450001,18.17,16.6,16.83,16.83,0
7/13/15,15.29,15.36,13.82,13.9,13.9,0
7/14/15,13.91,13.95,12.9,13.37,13.37,0
7/15/15,13.35,13.97,12.81,13.23,13.23,0
7/16/15,12.59,12.61,11.87,12.11,12.11,0
7/17/15,11.77,12.22,11.77,11.95,11.95,0
7/20/15,12.25,12.37,11.71,12.25,12.25,0
7/21/15,12.42,12.79,12.21,12.22,12.22,0
7/22/15,12.77,12.83,12.05,12.12,12.12,0
7/23/15,12.06,13.08,11.73,12.64,12.64,0
7/24/15,12.87,14.73,12.86,13.74,13.74,0
7/27/15,15.6,16.27,15.03,15.6,15.6,0
7/28/15,14.87,15.62,13.32,13.44,13.44,0
7/29/15,13.57,13.59,11.85,12.5,12.5,0
7/30/15,12.72,13.42,12.09,12.13,12.13,0
7/31/15,12.03,12.63,11.82,12.12,12.12,0
8/3/15,12.85,13.55,12.32,12.56,12.56,0
8/4/15,12.66,13.22,12.29,13,13,0
8/5/15,12.02,12.72,10.88,12.51,12.51,0
8/6/15,12.2,14.25,12.16,13.77,13.77,0
8/7/15,13.57,14.58,13.29,13.39,13.39,0
8/10/15,12.73,12.78,12.18,12.23,12.23,0
8/11/15,13.24,14.33,13.02,13.71,13.71,0
8/12/15,15.19,16.280001,13.45,13.61,13.61,0
8/13/15,13.87,14.33,13.06,13.49,13.49,0
8/14/15,13.69,13.87,12.8,12.83,12.83,0
8/17/15,14.32,14.52,13.01,13.02,13.02,0
8/18/15,13.41,13.94,13.17,13.79,13.79,0
8/19/15,14.84,15.96,13.73,15.25,15.25,0
8/20/15,16.549999,19.24,16.129999,19.139999,19.139999,0
8/21/15,22.549999,28.379999,20.799999,28.030001,28.030001,0
8/24/15,28.030001,53.290001,28.030001,40.740002,40.740002,0
8/25/15,31.129999,38.060001,28.08,36.02,36.02,0
8/26/15,31.129999,35.619999,28.67,30.32,30.32,0
8/27/15,27.110001,29.9,24.49,26.1,26.1,0
8/28/15,26.690001,29.200001,25.77,26.049999,26.049999,0
8/31/15,27.030001,29.370001,26.629999,28.43,28.43,0
9/1/15,31.91,33.82,29.91,31.4,31.4,0
9/2/15,29.139999,30.450001,24.77,26.09,26.09,0
9/3/15,25.209999,26.309999,23.450001,25.610001,25.610001,0
9/4/15,27.43,29.469999,25.68,27.799999,27.799999,0
9/8/15,25.049999,26.25,24.129999,24.9,24.9,0
9/9/15,22.389999,26.82,21.51,26.23,26.23,0
9/10/15,26.870001,27.219999,23.530001,24.370001,24.370001,0
9/11/15,25.379999,25.809999,23.15,23.200001,23.200001,0
9/14/15,24.030001,25.32,23.639999,24.25,24.25,0
9/15/15,23.280001,23.77,22.129999,22.540001,22.540001,0
9/16/15,22.57,22.940001,21.09,21.35,21.35,0
9/17/15,21.540001,23.33,17.870001,21.139999,21.139999,0
9/18/15,23.07,23.99,20.98,22.280001,22.280001,0
9/21/15,21.969999,22.48,20.049999,20.139999,20.139999,0
9/22/15,22.969999,26.290001,22.25,22.440001,22.440001,0
9/23/15,22.09,23.200001,21.139999,22.129999,22.129999,0
9/24/15,23.530001,25.299999,21.809999,23.469999,23.469999,0
9/25/15,21.120001,24.290001,20.809999,23.620001,23.620001,0
9/28/15,25.02,28.33,24.940001,27.629999,27.629999,0
9/29/15,26.57,28.200001,25.76,26.83,26.83,0
9/30/15,24.639999,25.879999,23.25,24.5,24.5,0
10/1/15,23.139999,25.23,22.549999,22.549999,22.549999,0
10/2/15,23.99,24.469999,20.35,20.940001,20.940001,0
10/5/15,20.309999,20.42,19.139999,19.540001,19.540001,0
10/6/15,19.540001,20.32,18.82,19.4,19.4,0
10/7/15,18.959999,19.73,18.33,18.4,18.4,0
10/8/15,18.620001,19.02,16.34,17.42,17.42,0
10/9/15,17.15,18.200001,16.889999,17.08,17.08,0
10/12/15,17.68,17.809999,16.15,16.17,16.17,0
10/13/15,17.08,17.700001,16.139999,17.67,17.67,0
10/14/15,17.67,18.780001,17.299999,18.030001,18.030001,0
10/15/15,17.620001,17.85,16.040001,16.049999,16.049999,0
10/16/15,15.64,16.860001,15.05,15.05,15.05,0
10/19/15,15.68,16.23,14.82,14.98,14.98,0
10/20/15,15.17,16.34,14.72,15.75,15.75,0
10/21/15,14.98,16.700001,14.41,16.700001,16.700001,0
10/22/15,15.02,15.92,14.45,14.45,14.45,0
10/23/15,13.46,15.12,13.24,14.46,14.46,0
10/26/15,14.76,15.43,14.68,15.29,15.29,0
10/27/15,15.75,15.99,14.78,15.43,15.43,0
10/28/15,15.14,15.73,12.8,14.33,14.33,0
10/29/15,14.8,15.46,14.33,14.61,14.61,0
10/30/15,14.6,15.39,14,15.07,15.07,0
11/2/15,15.41,15.51,13.67,14.15,14.15,0
11/3/15,14.33,14.73,13.81,14.54,14.54,0
11/4/15,14.04,15.88,13.96,15.51,15.51,0
11/5/15,15.39,16.389999,15,15.05,15.05,0
11/6/15,14.91,16,14.32,14.33,14.33,0
11/9/15,15.34,17.09,15.14,16.52,16.52,0
11/10/15,16.690001,16.959999,15.24,15.29,15.29,0
11/11/15,15.07,16.15,15.02,16.059999,16.059999,0
11/12/15,17.059999,18.5,16.65,18.370001,18.370001,0
11/13/15,18.68,20.67,18.200001,20.08,20.08,0
11/16/15,20.51,20.549999,17.25,18.16,18.16,0
11/17/15,17.82,19.59,16.860001,18.84,18.84,0
11/18/15,19.01,19.450001,16.799999,16.85,16.85,0
11/19/15,16.25,18.26,16,16.99,16.99,0
11/20/15,16.129999,16.379999,15.47,15.47,15.47,0
11/23/15,16.15,16.74,15.38,15.62,15.62,0
11/24/15,16.530001,17.209999,15.48,15.93,15.93,0
11/25/15,15.55,15.89,15.05,15.19,15.19,0
11/27/15,15.31,16.09,15.12,15.12,15.12,0
11/30/15,15.55,16.57,15.52,16.129999,16.129999,0
12/1/15,15.61,16.34,14.63,14.67,14.67,0
12/2/15,15.04,16.49,14.71,15.91,15.91,0
12/3/15,15.87,19.35,15.86,18.110001,18.110001,0
12/4/15,17.43,17.65,14.69,14.81,14.81,0
12/7/15,15.65,17.18,15.58,15.84,15.84,0
12/8/15,17.690001,18.33,16.52,17.6,17.6,0
12/9/15,18.049999,20.129999,15.72,19.610001,19.610001,0
12/10/15,19.25,19.719999,18.129999,19.34,19.34,0
12/11/15,21.360001,25.27,20.879999,24.389999,24.389999,0
12/14/15,24.700001,26.809999,21.469999,22.73,22.73,0
12/15/15,20.76,21.620001,20.02,20.950001,20.950001,0
12/16/15,19.25,20.24,17.120001,17.860001,17.860001,0
12/17/15,16.18,19.049999,16.129999,18.940001,18.940001,0
12/18/15,19.34,23.299999,18.75,20.700001,20.700001,0
12/21/15,19.639999,20.209999,18.700001,18.700001,18.700001,0
12/22/15,17.610001,18.219999,16.6,16.6,16.6,0
12/23/15,15.86,16.25,15.33,15.57,15.57,0
12/24/15,15.44,15.88,14.45,15.74,15.74,0
12/28/15,17.65,18.129999,16.879999,16.91,16.91,0
12/29/15,15.91,16.48,15.63,16.08,16.08,0
12/30/15,16.5,17.42,16.5,17.290001,17.290001,0
12/31/15,17.969999,20.389999,17.51,18.209999,18.209999,0
1/4/16,22.48,23.360001,20.67,20.700001,20.700001,0
1/5/16,20.75,21.059999,19.25,19.34,19.34,0
1/6/16,21.67,21.860001,19.799999,20.59,20.59,0
1/7/16,23.219999,25.860001,22.4,24.99,24.99,0
1/8/16,22.959999,27.08,22.48,27.01,27.01,0
1/11/16,25.58,27.389999,23.83,24.299999,24.299999,0
1/12/16,22.969999,23.93,21.91,22.469999,22.469999,0
1/13/16,21.719999,26.110001,21.440001,25.219999,25.219999,0
1/14/16,24.75,26.280001,23.07,23.950001,23.950001,0
1/15/16,28.959999,30.950001,26.67,27.02,27.02,0
1/19/16,25.4,27.59,25.209999,26.049999,26.049999,0
1/20/16,27.780001,32.09,26.59,27.59,27.59,0
1/21/16,27.790001,28.43,25.01,26.690001,26.690001,0
1/22/16,24.209999,24.549999,22.219999,22.34,22.34,0
1/25/16,23.299999,24.309999,22.379999,24.15,24.15,0
1/26/16,23.75,24.02,22.33,22.5,22.5,0
1/27/16,22.879999,27.219999,20.42,23.110001,23.110001,0
1/28/16,22.15,23.809999,21.9,22.42,22.42,0
1/29/16,21.59,21.74,19.5,20.200001,20.200001,0
2/1/16,21.32,23.66,19.610001,19.98,19.98,0
2/2/16,21.34,22.42,21.059999,21.98,21.98,0
2/3/16,21.49,27.700001,21.42,21.65,21.65,0
2/4/16,22.290001,23.139999,21.24,21.84,21.84,0
2/5/16,22.09,24.110001,21.91,23.379999,23.379999,0
2/8/16,25.889999,27.719999,25.559999,26,26,0
2/9/16,28.299999,28.309999,25.99,26.540001,26.540001,0
2/10/16,25.75,26.6,24.469999,26.290001,26.290001,0
2/11/16,29.01,30.9,26.67,28.139999,28.139999,0
2/12/16,27.16,27.57,24.92,25.4,25.4,0
2/16/16,24.959999,25.52,23.32,24.110001,24.110001,0
2/17/16,23.4,24.16,21.83,22.309999,22.309999,0
2/18/16,22.16,22.530001,21.290001,21.639999,21.639999,0
2/19/16,22.389999,23.440001,20.52,20.530001,20.530001,0
2/22/16,20.139999,20.35,19.02,19.379999,19.379999,0
2/23/16,19.75,21.16,19.540001,20.98,20.98,0
2/24/16,22.280001,22.870001,20.26,20.719999,20.719999,0
2/25/16,20.540001,21.26,19.1,19.110001,19.110001,0
2/26/16,18.889999,20.129999,18.459999,19.809999,19.809999,0
2/29/16,20.49,20.809999,18.379999,20.549999,20.549999,0
3/1/16,19.84,20.17,17.66,17.700001,17.700001,0
3/2/16,17.98,18.41,16.780001,17.09,17.09,0
3/3/16,17.25,17.559999,16.32,16.700001,16.700001,0
3/4/16,16.48,17.35,16.049999,16.860001,16.860001,0
3/7/16,17.98,18.040001,16.870001,17.35,17.35,0
3/8/16,18.379999,18.889999,17.82,18.67,18.67,0
3/9/16,18.559999,19.110001,18.309999,18.34,18.34,0
3/10/16,18.17,19.59,17.059999,18.049999,18.049999,0
3/11/16,17.09,17.27,16.280001,16.5,16.5,0
3/14/16,17.01,17.67,16.690001,16.92,16.92,0
3/15/16,17.6,17.85,16.84,16.84,16.84,0
3/16/16,15.96,16.33,14.89,14.99,14.99,0
3/17/16,15.34,15.38,13.82,14.44,14.44,0
3/18/16,14.05,14.36,13.75,14.02,14.02,0
3/21/16,14.57,14.73,13.79,13.79,13.79,0
3/22/16,14.57,14.76,13.75,14.17,14.17,0
3/23/16,14.57,15.03,14.33,14.94,14.94,0
3/24/16,16.299999,16.440001,14.71,14.74,14.74,0
3/28/16,15.65,16.040001,14.89,15.24,15.24,0
3/29/16,15.74,15.89,13.79,13.82,13.82,0
3/30/16,13.69,13.89,13.06,13.56,13.56,0
3/31/16,13.73,14.28,13.49,13.95,13.95,0
4/1/16,15.23,15.28,13,13.1,13.1,0
4/4/16,13.88,14.24,13.66,14.12,14.12,0
4/5/16,15.39,15.72,14.93,15.42,15.42,0
4/6/16,15.61,15.98,14,14.09,14.09,0
4/7/16,15.14,16.77,14.68,16.16,16.16,0
4/8/16,15.34,15.93,14.84,15.36,15.36,0
4/11/16,15.34,16.26,14.83,16.26,16.26,0
4/12/16,15.98,16.57,14.84,14.85,14.85,0
4/13/16,14.49,14.53,13.6,13.84,13.84,0
4/14/16,13.9,14.12,13.38,13.72,13.72,0
4/15/16,13.77,14.19,13.58,13.62,13.62,0
4/18/16,14.87,14.94,13.23,13.35,13.35,0
4/19/16,13.18,13.88,12.98,13.24,13.24,0
4/20/16,13.39,13.5,12.5,13.28,13.28,0
4/21/16,13.2,14.14,13.16,13.95,13.95,0
4/22/16,13.7,14.19,13.15,13.22,13.22,0
4/25/16,14.07,14.76,13.86,14.08,14.08,0
4/26/16,14.01,14.43,13.66,13.96,13.96,0
4/27/16,14.15,14.95,13.5,13.77,13.77,0
4/28/16,14.53,15.61,13.3,15.22,15.22,0
4/29/16,15.21,17.09,14.91,15.7,15.7,0
5/2/16,16.33,16.5,14.48,14.68,14.68,0
5/3/16,14.92,16.42,14.91,15.6,15.6,0
5/4/16,15.47,16.85,15.39,16.049999,16.049999,0
5/5/16,15.54,16.450001,15.22,15.91,15.91,0
5/6/16,16.200001,16.58,14.71,14.72,14.72,0
5/9/16,15.2,15.39,14.17,14.57,14.57,0
5/10/16,13.98,14.35,13.55,13.63,13.63,0
5/11/16,13.92,14.69,13.29,14.69,14.69,0
5/12/16,14.55,15.42,13.95,14.41,14.41,0
5/13/16,15.15,15.47,13.97,15.04,15.04,0
5/16/16,15.72,15.98,14.28,14.68,14.68,0
5/17/16,14.57,16.120001,14.48,15.57,15.57,0
5/18/16,15.72,16.469999,14.86,15.95,15.95,0
5/19/16,16.370001,17.65,16.280001,16.33,16.33,0
5/20/16,16.129999,16.299999,15.11,15.2,15.2,0
5/23/16,16.33,16.469999,15.4,15.82,15.82,0
5/24/16,16.030001,16.059999,14.36,14.42,14.42,0
5/25/16,14.19,14.33,13.64,13.9,13.9,0
5/26/16,13.8,14.11,13.43,13.43,13.43,0
5/27/16,13.49,13.76,13.04,13.12,13.12,0
5/31/16,13.94,15,13.45,14.19,14.19,0
6/1/16,14.45,15.25,14.18,14.2,14.2,0
6/2/16,14.42,14.92,13.62,13.63,13.63,0
6/3/16,13.78,14.66,12.9,13.47,13.47,0
6/6/16,13.84,14.27,13.42,13.65,13.65,0
6/7/16,12.77,14.05,12.72,14.05,14.05,0
6/8/16,13.84,14.27,13.7,14.08,14.08,0
6/9/16,14.01,14.85,13.99,14.64,14.64,0
6/10/16,14.89,17.33,14.85,17.030001,17.030001,0
6/13/16,18.24,21.01,17.889999,20.969999,20.969999,0
6/14/16,21.280001,22.16,20.27,20.5,20.5,0
6/15/16,20.25,20.450001,18.629999,20.139999,20.139999,0
6/16/16,20.799999,22.889999,19.24,19.370001,19.370001,0
6/17/16,19.42,20.030001,18.709999,19.41,19.41,0
6/20/16,17.42,18.549999,16.59,18.370001,18.370001,0
6/21/16,17.67,18.959999,16.91,18.48,18.48,0
6/22/16,18.26,21.219999,17.83,21.17,21.17,0
6/23/16,19.540001,19.790001,17.25,17.25,17.25,0
6/24/16,26.059999,26.24,19.48,25.76,25.76,0
6/27/16,24.379999,26.719999,22.93,23.85,23.85,0
6/28/16,21.76,22.07,18.75,18.75,18.75,0
6/29/16,18.120001,18.27,16.48,16.639999,16.639999,0
6/30/16,16.91,16.99,15.29,15.63,15.63,0
7/1/16,15.59,15.86,14.61,14.77,14.77,0
7/5/16,16.049999,16.620001,15.49,15.58,15.58,0
7/6/16,15.87,17.040001,14.96,14.96,14.96,0
7/7/16,14.8,15.98,14.33,14.76,14.76,0
7/8/16,14.64,14.75,13.19,13.2,13.2,0
7/11/16,13.25,13.67,13,13.54,13.54,0
7/12/16,12.93,13.93,12.75,13.55,13.55,0
7/13/16,13.32,13.79,12.92,13.04,13.04,0
7/14/16,12.5,13.37,12.14,12.82,12.82,0
7/15/16,13.12,13.22,12.27,12.67,12.67,0
7/18/16,12.75,13.12,12.33,12.44,12.44,0
7/19/16,12.53,12.83,11.94,11.97,11.97,0
7/20/16,11.94,11.97,11.4,11.77,11.77,0
7/21/16,11.8,13.06,11.69,12.74,12.74,0
7/22/16,12.8,12.88,11.97,12.02,12.02,0
7/25/16,12.64,13.72,12.39,12.87,12.87,0
7/26/16,12.88,13.5,12.8,13.05,13.05,0
7/27/16,12.61,13.74,12.5,12.83,12.83,0
7/28/16,12.51,13.52,12.36,12.72,12.72,0
7/29/16,12.85,12.9,11.77,11.87,11.87,0
8/1/16,11.89,12.98,11.86,12.44,12.44,0
8/2/16,12.39,14.24,12.35,13.37,13.37,0
8/3/16,13.53,13.91,12.73,12.86,12.86,0
8/4/16,12.73,12.98,11.79,12.42,12.42,0
8/5/16,12.08,12.26,11.18,11.39,11.39,0
8/8/16,11.66,11.78,11.41,11.5,11.5,0
8/9/16,11.4,11.92,11.02,11.66,11.66,0
8/10/16,11.55,12.5,11.37,12.05,12.05,0
8/11/16,11.93,12.11,11.38,11.68,11.68,0
8/12/16,11.61,12,11.28,11.55,11.55,0
8/15/16,11.81,12.17,11.58,11.81,11.81,0
8/16/16,12.04,12.78,11.87,12.64,12.64,0
8/17/16,12.57,13.71,12.14,12.19,12.19,0
8/18/16,12.2,12.53,11.42,11.43,11.43,0
8/19/16,11.67,12.28,11.33,11.34,11.34,0
8/22/16,12.53,13.02,11.94,12.27,12.27,0
8/23/16,12.15,12.44,11.72,12.38,12.38,0
8/24/16,12.7,14.01,12.3,13.45,13.45,0
8/25/16,13.62,14.09,13.29,13.63,13.63,0
8/26/16,13.54,14.93,12.13,13.65,13.65,0
8/29/16,14.09,14.43,12.9,12.94,12.94,0
8/30/16,12.94,13.6,12.7,13.12,13.12,0
8/31/16,13.14,14.34,12.97,13.42,13.42,0
9/1/16,13.07,14.61,12.99,13.48,13.48,0
9/2/16,13.47,13.9,11.9,11.98,11.98,0
9/6/16,12.42,12.93,11.85,12.02,12.02,0
9/7/16,11.89,12.45,11.77,11.94,11.94,0
9/8/16,11.74,12.6,11.65,12.51,12.51,0
9/9/16,12.52,17.540001,12.52,17.5,17.5,0
9/12/16,20.129999,20.51,14.76,15.16,15.16,0
9/13/16,15.98,18.969999,15.83,17.85,17.85,0
9/14/16,17.629999,18.139999,16.34,18.139999,18.139999,0
9/15/16,17.969999,18.07,15.74,16.299999,16.299999,0
9/16/16,16.41,17.1,15.28,15.37,15.37,0
9/19/16,15.14,15.96,14.6,15.53,15.53,0
9/20/16,14.98,16.09,14.69,15.92,15.92,0
9/21/16,15.07,15.65,12.98,13.3,13.3,0
9/22/16,13.39,13.39,11.76,12.02,12.02,0
9/23/16,12,12.58,11.93,12.29,12.29,0
9/26/16,13.26,14.63,13.26,14.5,14.5,0
9/27/16,13.36,14.76,12.97,13.1,13.1,0
9/28/16,12.9,13.57,12.24,12.39,12.39,0
9/29/16,12.53,15.69,12.14,14.02,14.02,0
9/30/16,14.91,15.2,12.53,13.29,13.29,0
10/3/16,13.75,14.42,13.42,13.57,13.57,0
10/4/16,13.4,14.57,12.92,13.63,13.63,0
10/5/16,13.56,13.68,12.7,12.99,12.99,0
10/6/16,13.11,13.84,12.8,12.84,12.84,0
10/7/16,13.52,14.15,12.21,13.48,13.48,0
10/10/16,14.19,14.36,13.29,13.38,13.38,0
10/11/16,13.71,16.469999,13.69,15.36,15.36,0
10/12/16,15.53,16.34,15.26,15.91,15.91,0
10/13/16,16.879999,17.950001,16.139999,16.690001,16.690001,0
10/14/16,16.49,16.5,15.25,16.120001,16.120001,0
10/17/16,17.01,17.110001,16.129999,16.209999,16.209999,0
10/18/16,15.82,15.85,15.03,15.28,15.28,0
10/19/16,15.45,15.68,13.87,14.41,14.41,0
10/20/16,14.43,14.72,13.74,13.75,13.75,0
10/21/16,14.04,14.53,13.27,13.34,13.34,0
10/24/16,13.19,13.26,12.83,13.02,13.02,0
10/25/16,12.91,13.86,12.73,13.46,13.46,0
10/26/16,13.66,14.8,13.66,14.24,14.24,0
10/27/16,14.37,15.43,13.6,15.36,15.36,0
10/28/16,15.67,17.35,14.65,16.190001,16.190001,0
10/31/16,16.309999,17.629999,16.25,17.059999,17.059999,0
11/1/16,16.540001,20.43,16.51,18.559999,18.559999,0
11/2/16,19.09,19.82,18.559999,19.32,19.32,0
11/3/16,19.85,22.57,18.84,22.08,22.08,0
11/4/16,21.860001,23.01,19.200001,22.51,22.51,0
11/7/16,19.780001,19.860001,18.389999,18.709999,18.709999,0
11/8/16,18.92,19.91,17.700001,18.74,18.74,0
11/9/16,20.700001,21.48,14.33,14.38,14.38,0
11/10/16,14.01,16.299999,13.26,14.74,14.74,0
11/11/16,14.83,16,14.15,14.17,14.17,0
11/14/16,14.69,15.56,14.39,14.48,14.48,0
11/15/16,14.16,14.65,13.3,13.37,13.37,0
11/16/16,13.51,14.49,13.51,13.72,13.72,0
11/17/16,13.37,13.55,12.97,13.35,13.35,0
11/18/16,13.56,13.74,12.85,12.85,12.85,0
11/21/16,13.27,13.44,12.16,12.42,12.42,0
11/22/16,12.26,12.83,12.2,12.41,12.41,0
11/23/16,12.34,13.01,12.19,12.43,12.43,0
11/25/16,12.52,12.74,12.31,12.34,12.34,0
11/28/16,13.4,13.5,12.74,13.15,13.15,0
11/29/16,13.07,13.55,12.62,12.9,12.9,0
11/30/16,12.6,13.42,12.23,13.33,13.33,0
12/1/16,13.4,14.72,13.05,14.07,14.07,0
12/2/16,14.16,14.48,12.39,14.12,14.12,0
12/5/16,13.75,13.77,12.14,12.14,12.14,0
12/6/16,12.19,12.3,11.54,11.79,11.79,0
12/7/16,11.59,12.24,11.33,12.22,12.22,0
12/8/16,12.1,13.4,11.3,12.64,12.64,0
12/9/16,12.59,12.72,11.67,11.75,11.75,0
12/12/16,12.23,12.78,12.07,12.64,12.64,0
12/13/16,12.46,13.42,12.34,12.72,12.72,0
12/14/16,12.88,13.39,12.48,13.19,13.19,0
12/15/16,13.07,13.24,12.46,12.79,12.79,0
12/16/16,12.88,12.95,12.15,12.2,12.2,0
12/19/16,12.5,12.52,11.67,11.71,11.71,0
12/20/16,11.65,11.75,11.38,11.45,11.45,0
12/21/16,11.44,11.49,10.93,11.27,11.27,0
12/22/16,11.32,11.67,11.14,11.43,11.43,0
12/23/16,11.38,11.81,11.35,11.44,11.44,0
12/27/16,12.26,12.33,11.84,11.99,11.99,0
12/28/16,11.89,13.04,11.85,12.95,12.95,0
12/29/16,13.15,13.71,12.95,13.37,13.37,0
12/30/16,13.2,14.68,13.05,14.04,14.04,0
1/3/17,14.07,14.07,12.85,12.85,12.85,0
1/4/17,12.78,12.8,11.63,11.85,11.85,0
1/5/17,11.96,12.09,11.4,11.67,11.67,0
1/6/17,11.7,11.74,10.98,11.32,11.32,0
1/9/17,11.71,12.08,11.46,11.56,11.56,0
1/10/17,11.59,11.79,11.31,11.49,11.49,0
1/11/17,11.56,12.23,11.21,11.26,11.26,0
1/12/17,11.48,12.6,11.32,11.54,11.54,0
1/13/17,11.45,11.62,10.94,11.23,11.23,0
1/17/17,12.2,12.75,11.79,11.87,11.87,0
1/18/17,11.79,12.81,11.69,12.48,12.48,0
1/19/17,12.58,13.28,12.17,12.78,12.78,0
1/20/17,12.58,12.59,11.53,11.54,11.54,0
1/23/17,12.3,12.62,11.59,11.77,11.77,0
1/24/17,11.82,11.89,11.04,11.07,11.07,0
1/25/17,10.79,11.05,10.51,10.81,10.81,0
1/26/17,10.61,11.01,10.6,10.63,10.63,0
1/27/17,10.57,10.82,10.3,10.58,10.58,0
1/30/17,11.1,12.9,11.1,11.88,11.88,0
1/31/17,12.29,12.99,11.79,11.99,11.99,0
2/1/17,11.79,12.05,9.97,11.81,11.81,0
2/2/17,12.37,12.47,11.62,11.93,11.93,0
2/3/17,11.84,11.84,10.72,10.97,10.97,0
2/6/17,11.37,11.84,11.09,11.37,11.37,0
2/7/17,11.39,11.67,11.06,11.29,11.29,0
2/8/17,11.19,11.82,11.15,11.45,11.45,0
2/9/17,11.44,11.53,10.74,10.88,10.88,0
2/10/17,10.85,10.95,10.55,10.85,10.85,0
2/13/17,11.36,11.4,11.07,11.07,11.07,0
2/14/17,11.17,11.34,10.73,10.74,10.74,0
2/15/17,10.84,12.01,10.8,11.97,11.97,0
2/16/17,12.02,12.86,11.69,11.76,11.76,0
2/17/17,11.84,12.26,11.37,11.49,11.49,0
2/21/17,12.05,12.09,11.5,11.57,11.57,0
2/22/17,11.48,12.07,11.44,11.74,11.74,0
2/23/17,11.66,12.46,11.54,11.71,11.71,0
2/24/17,11.81,12.59,11.34,11.47,11.47,0
2/27/17,11.78,12.14,11.53,12.09,12.09,0
2/28/17,12.19,12.96,12.13,12.92,12.92,0
3/1/17,12.31,12.58,11.78,12.54,12.54,0
3/2/17,12.43,12.71,11.32,11.81,11.81,0
3/3/17,11.96,11.97,10.94,10.96,10.96,0
3/6/17,11.59,11.72,11.06,11.24,11.24,0
3/7/17,11.27,11.58,11.04,11.45,11.45,0
3/8/17,11.49,11.86,11.09,11.86,11.86,0
3/9/17,11.75,12.43,11.62,12.3,12.3,0
3/10/17,11.97,12.09,11.46,11.66,11.66,0
3/13/17,12.16,12.23,11.29,11.35,11.35,0
3/14/17,11.39,12.54,11.28,12.3,12.3,0
3/15/17,12.12,12.25,10.6,11.63,11.63,0
3/16/17,11.29,11.55,11.16,11.21,11.21,0
3/17/17,11.38,11.38,10.78,11.28,11.28,0
3/20/17,11.71,11.72,11.03,11.34,11.34,0
3/21/17,11.15,12.85,10.92,12.47,12.47,0
3/22/17,12.95,13.16,11.99,12.81,12.81,0
3/23/17,12.65,13.17,12.18,13.12,13.12,0
3/24/17,12.86,14.16,12.27,12.96,12.96,0
3/27/17,14.78,15.11,12.48,12.5,12.5,0
3/28/17,12.44,12.67,11.34,11.53,11.53,0
3/29/17,11.54,11.7,11.03,11.42,11.42,0
3/30/17,11.37,11.64,11.12,11.54,11.54,0
3/31/17,11.61,12.54,11.5,12.37,12.37,0
4/3/17,12.59,13.59,12.27,12.38,12.38,0
4/4/17,12.71,13.07,11.7,11.79,11.79,0
4/5/17,11.89,12.89,10.9,12.89,12.89,0
4/6/17,13.11,13.22,11.7,12.39,12.39,0
4/7/17,13.17,13.43,12.23,12.87,12.87,0
4/10/17,13.24,14.11,12.94,14.05,14.05,0
4/11/17,14.32,15.88,14.17,15.07,15.07,0
4/12/17,15.16,16.16,14.84,15.77,15.77,0
4/13/17,15.89,16.219999,14.97,15.96,15.96,0
4/17/17,16.190001,16.280001,14.6,14.66,14.66,0
4/18/17,14.5,15.5,14.29,14.42,14.42,0
4/19/17,14,15.15,13.46,14.93,14.93,0
4/20/17,14.59,14.81,13.83,14.15,14.15,0
4/21/17,13.85,15.33,13.85,14.63,14.63,0
4/24/17,11.56,12.01,10.82,10.84,10.84,0
4/25/17,10.81,11.15,10.22,10.76,10.76,0
4/26/17,10.61,10.89,10.39,10.85,10.85,0
4/27/17,10.72,11.08,10.33,10.36,10.36,0
4/28/17,10.39,11.16,10.29,10.82,10.82,0
5/1/17,10.92,11.04,9.9,10.11,10.11,0
5/2/17,10.15,10.59,10.04,10.59,10.59,0
5/3/17,10.56,11.15,10.4,10.68,10.68,0
5/4/17,10.71,11.24,10.27,10.46,10.46,0
5/5/17,10.51,10.98,9.99,10.57,10.57,0
5/8/17,10.53,10.55,9.67,9.77,9.77,0
5/9/17,9.87,10.14,9.56,9.96,9.96,0
5/10/17,9.75,10.24,9.62,10.21,10.21,0
5/11/17,10.34,11.23,10.32,10.6,10.6,0
5/12/17,10.72,10.87,10.28,10.4,10.4,0
5/15/17,10.54,10.88,10.25,10.42,10.42,0
5/16/17,10.46,10.67,10.18,10.65,10.65,0
5/17/17,11.89,15.59,11.53,15.59,15.59,0
5/18/17,14.06,16.299999,14.03,14.66,14.66,0
5/19/17,14.23,14.23,11.72,12.04,12.04,0
5/22/17,12.29,12.52,10.89,10.93,10.93,0
5/23/17,11,11,10.56,10.72,10.72,0
5/24/17,10.61,10.9,9.88,10.02,10.02,0
5/25/17,9.82,10.29,9.72,9.99,9.99,0
5/26/17,9.93,10.48,9.65,9.81,9.81,0
5/30/17,10.61,10.84,10.14,10.38,10.38,0
5/31/17,10.1,11.3,9.93,10.41,10.41,0
6/1/17,10.42,10.54,9.69,9.89,9.89,0
6/2/17,10.08,10.3,9.58,9.75,9.75,0
6/5/17,10.08,10.28,9.6,10.07,10.07,0
6/6/17,10.19,10.77,9.86,10.45,10.45,0
6/7/17,10.48,10.93,10.12,10.39,10.39,0
6/8/17,10.27,10.53,9.73,10.16,10.16,0
6/9/17,9.93,12.11,9.37,10.7,10.7,0
6/12/17,11.19,12.37,11.19,11.46,11.46,0
6/13/17,11.12,11.14,10.26,10.42,10.42,0
6/14/17,10.33,11.26,10.01,10.64,10.64,0
6/15/17,11.06,12.01,10.74,10.9,10.9,0
6/16/17,10.63,11.35,10.26,10.38,10.38,0
6/19/17,10.57,10.6,10.01,10.37,10.37,0
6/20/17,10.28,11.15,10.24,10.86,10.86,0
6/21/17,11.03,11.4,10.4,10.75,10.75,0
6/22/17,10.81,11.01,10.24,10.48,10.48,0
6/23/17,10.25,10.69,9.85,10.02,10.02,0
6/26/17,10.13,10.44,9.68,9.9,9.9,0
6/27/17,10.04,11.31,9.8,11.06,11.06,0
6/28/17,11.17,11.49,9.76,10.03,10.03,0
6/29/17,9.79,15.16,9.73,11.44,11.44,0
6/30/17,11.74,11.85,10.4,11.18,11.18,0
7/3/17,11.07,11.45,10.28,11.22,11.22,0
7/5/17,11.2,12.03,10.79,11.07,11.07,0
7/6/17,11.2,13.05,11.18,12.54,12.54,0
7/7/17,12.48,12.57,10.98,11.19,11.19,0
7/10/17,11.26,11.73,10.61,11.11,11.11,0
7/11/17,10.79,12.14,10.68,10.89,10.89,0
7/12/17,10.85,10.85,10.08,10.3,10.3,0
7/13/17,10.07,10.4,9.9,9.9,9.9,0
7/14/17,10.09,10.14,9.5,9.51,9.51,0
7/17/17,9.77,10.03,9.71,9.82,9.82,0
7/18/17,9.86,10.35,9.66,9.89,9.89,0
7/19/17,9.69,9.94,9.58,9.79,9.79,0
7/20/17,9.66,10.28,9.5,9.58,9.58,0
7/21/17,9.52,9.98,9.3,9.36,9.36,0
7/24/17,9.94,9.97,9.26,9.43,9.43,0
7/25/17,9.4,9.52,9.04,9.43,9.43,0
7/26/17,9.25,9.66,8.84,9.6,9.6,0
7/27/17,9.33,11.5,9.16,10.11,10.11,0
7/28/17,10.62,11.3,10.26,10.29,10.29,0
7/31/17,10.53,10.84,10.23,10.26,10.26,0
8/1/17,10.19,10.56,9.95,10.09,10.09,0
8/2/17,10.08,10.81,9.8,10.28,10.28,0
8/3/17,10.47,10.6,9.9,10.44,10.44,0
8/4/17,10.48,10.5,9.68,10.03,10.03,0
8/7/17,10.19,10.32,9.76,9.93,9.93,0
8/8/17,10.04,11.52,9.52,10.96,10.96,0
8/9/17,11.49,12.63,11.11,11.11,11.11,0
8/10/17,11.57,16.17,11.56,16.040001,16.040001,0
8/11/17,16.17,17.280001,14.5,15.51,15.51,0
8/14/17,14.05,14.05,12.06,12.33,12.33,0
8/15/17,11.78,12.37,11.45,12.04,12.04,0
8/16/17,11.59,12.54,11.25,11.74,11.74,0
8/17/17,11.81,15.77,11.54,15.55,15.55,0
8/18/17,15.38,16.040001,13.32,14.26,14.26,0
8/21/17,14.59,14.74,13.07,13.19,13.19,0
8/22/17,12.6,12.94,11.35,11.35,11.35,0
8/23/17,11.51,12.59,11.39,12.25,12.25,0
8/24/17,12.06,12.83,11.55,12.23,12.23,0
8/25/17,12.2,12.45,11.1,11.28,11.28,0
8/28/17,12.09,12.11,11.23,11.32,11.32,0
8/29/17,13.33,14.34,11.48,11.7,11.7,0
8/30/17,11.4,11.98,10.96,11.22,11.22,0
8/31/17,11.07,11.22,10.34,10.59,10.59,0
9/1/17,10.33,10.46,10.02,10.13,10.13,0
9/5/17,11.75,14.06,11.41,12.23,12.23,0
9/6/17,12.27,12.59,11.35,11.63,11.63,0
9/7/17,11.93,12.07,11.32,11.55,11.55,0
9/8/17,11.87,12.6,11.84,12.12,12.12,0
9/11/17,11.38,11.39,10.51,10.73,10.73,0
9/12/17,10.66,10.95,10.29,10.58,10.58,0
9/13/17,10.72,10.86,10.33,10.5,10.5,0
9/14/17,10.57,11.04,10.28,10.44,10.44,0
9/15/17,10.51,10.74,10,10.17,10.17,0
9/18/17,10.18,10.42,9.88,10.15,10.15,0
9/19/17,10.16,10.3,9.85,10.18,10.18,0
9/20/17,10.04,10.67,9.67,9.78,9.78,0
9/21/17,9.74,10.21,9.54,9.67,9.67,0
9/22/17,9.9,10.2,9.5,9.59,9.59,0
9/25/17,10.08,11.21,9.79,10.21,10.21,0
9/26/17,10.42,10.68,9.94,10.17,10.17,0
9/27/17,9.9,10.42,9.63,9.87,9.87,0
9/28/17,9.74,10.13,9.55,9.55,9.55,0
9/29/17,9.59,9.83,9.36,9.51,9.51,0
10/2/17,9.59,10.04,9.37,9.45,9.45,0
10/3/17,9.3,9.75,9.3,9.51,9.51,0
10/4/17,9.53,9.88,9.53,9.63,9.63,0
10/5/17,9.48,9.62,9.13,9.19,9.19,0
10/6/17,9.23,10.27,9.11,9.65,9.65,0
10/9/17,9.92,10.53,9.88,10.33,10.33,0
10/10/17,10.15,10.66,9.94,10.08,10.08,0
10/11/17,9.95,10.38,9.72,9.85,9.85,0
10/12/17,9.94,10.33,9.65,9.91,9.91,0
10/13/17,9.95,9.98,9.44,9.61,9.61,0
10/16/17,9.95,10.02,9.75,9.91,9.91,0
10/17/17,9.85,10.46,9.78,10.31,10.31,0
10/18/17,10.34,10.41,9.87,10.07,10.07,0
10/19/17,10.22,11.77,9.99,10.05,10.05,0
10/20/17,9.92,10.04,9.29,9.97,9.97,0
10/23/17,10.25,11.08,9.94,11.07,11.07,0
10/24/17,10.89,11.16,10.39,11.16,11.16,0
10/25/17,11.34,13.2,10.99,11.23,11.23,0
10/26/17,11.17,11.81,10.6,11.3,11.3,0
10/27/17,11.12,11.12,9.74,9.8,9.8,0
10/30/17,10.28,10.89,10.1,10.5,10.5,0
10/31/17,10.34,10.37,9.9,10.18,10.18,0
11/1/17,9.79,10.49,9.74,10.2,10.2,0
11/2/17,10.44,10.89,9.67,9.93,9.93,0
11/3/17,9.83,9.91,8.99,9.14,9.14,0
11/6/17,9.63,9.74,9.38,9.4,9.4,0
11/7/17,9.31,10.31,9.29,9.89,9.89,0
11/8/17,9.79,10.27,9.5,9.78,9.78,0
11/9/17,9.94,12.19,9.79,10.5,10.5,0
11/10/17,10.78,11.58,10.5,11.29,11.29,0
11/13/17,11.43,12.18,11,11.5,11.5,0
11/14/17,11.53,12.61,11.45,11.59,11.59,0
11/15/17,12.52,14.51,12.33,13.13,13.13,0
11/16/17,12.47,12.52,11.38,11.76,11.76,0
11/17/17,11.75,12.01,11.16,11.43,11.43,0
11/20/17,11.96,12.08,10.44,10.65,10.65,0
11/21/17,10.74,10.78,9.67,9.73,9.73,0
11/22/17,9.6,9.88,9.32,9.88,9.88,0
11/24/17,9.82,9.96,8.56,9.67,9.67,0
11/27/17,10.07,10.26,9.79,9.87,9.87,0
11/28/17,9.72,10.31,9.53,10.03,10.03,0
11/29/17,9.91,10.93,9.81,10.7,10.7,0
11/30/17,10.49,12.05,10.25,11.28,11.28,0
12/1/17,11.19,14.58,10.54,11.43,11.43,0
12/4/17,11.05,11.86,10.26,11.68,11.68,0
12/5/17,11.38,11.67,10.65,11.33,11.33,0
12/6/17,11.63,11.68,10.86,11.02,11.02,0
12/7/17,10.9,11.32,10.12,10.16,10.16,0
12/8/17,10,10.06,9.43,9.58,9.58,0
12/11/17,9.74,10.08,9.28,9.34,9.34,0
12/12/17,9.36,9.92,9.21,9.92,9.92,0
12/13/17,9.78,10.21,9.65,10.18,10.18,0
12/14/17,9.98,10.54,9.78,10.49,10.49,0
12/15/17,10.12,10.2,9.22,9.42,9.42,0
12/18/17,9.46,9.89,9.24,9.53,9.53,0
12/19/17,9.4,10.15,9.18,10.03,10.03,0
12/20/17,9.69,9.85,8.9,9.72,9.72,0
12/21/17,9.59,9.86,9.2,9.62,9.62,0
12/22/17,9.37,10.18,9.35,9.9,9.9,0
12/26/17,10.19,10.46,10.13,10.25,10.25,0
12/27/17,10.04,10.79,9.71,10.47,10.47,0
12/28/17,10.29,10.44,10.07,10.18,10.18,0
12/29/17,10.03,11.06,9.95,11.04,11.04,0
1/2/18,10.95,11.07,9.52,9.77,9.77,0
1/3/18,9.56,9.65,8.94,9.15,9.15,0
1/4/18,9.01,9.31,8.92,9.22,9.22,0
1/5/18,9.1,9.54,9,9.22,9.22,0
1/8/18,9.61,9.89,9.32,9.52,9.52,0
1/9/18,9.41,10.09,9.37,10.08,10.08,0
1/10/18,10.11,10.85,9.82,9.82,9.82,0
1/11/18,9.69,10.02,9.62,9.88,9.88,0
1/12/18,9.74,10.31,9.54,10.16,10.16,0
1/16/18,10.42,12.41,10.4,11.66,11.66,0
1/17/18,11.35,12.81,11.18,11.91,11.91,0
1/18/18,12.01,12.4,11.62,12.22,12.22,0
1/19/18,12.3,12.33,11.18,11.27,11.27,0